Year,Day,Easting,Northing,LST_day,LST_night,NDVI,EVI,Easting_km,Northing_km
2019,0,426625,538600,278.52,0,0.57,0.3177,426,538
2019,1,426625,538600,278.52,0,0.57,0.3177,426,538
2019,2,426625,538600,277.02,0,0.57,0.3177,426,538
2019,3,426625,538600,0,0,0.57,0.3177,426,538
2019,4,426625,538600,0,0,0.57,0.3177,426,538
2019,5,426625,538600,0,0,0.57,0.3177,426,538
2019,6,426625,538600,280.42,0,0.57,0.3177,426,538
2019,7,426625,538600,0,277.98,0.57,0.3177,426,538
2019,8,426625,538600,278.18,0,0.57,0.3177,426,538
2019,9,426625,538600,0,270.2,0.57,0.3177,426,538
2019,10,426625,538600,0,0,0.57,0.3177,426,538
2019,11,426625,538600,0,274.06,0.57,0.3177,426,538
2019,12,426625,538600,0,0,0.57,0.3177,426,538
2019,13,426625,538600,282.3,276.96,0.57,0.3177,426,538
2019,14,426625,538600,0,276.66,0.57,0.3177,426,538
2019,15,426625,538600,0,0,0.57,0.3177,426,538
2019,16,426625,538600,0,273.2,0.57,0.3177,426,538
2019,17,426625,538600,274.3,0,0.5468,0.3312,426,538
2019,18,426625,538600,273.52,0,0.5468,0.3312,426,538
2019,19,426625,538600,0,0,0.5468,0.3312,426,538
2019,20,426625,538600,277.18,271.44,0.5468,0.3312,426,538
2019,21,426625,538600,0,0,0.5468,0.3312,426,538
2019,22,426625,538600,274.9,268.1,0.5468,0.3312,426,538
2019,23,426625,538600,274.16,0,0.5468,0.3312,426,538
2019,24,426625,538600,274.76,268.82,0.5468,0.3312,426,538
2019,25,426625,538600,0,0,0.5468,0.3312,426,538
2019,26,426625,538600,0,0,0.5468,0.3312,426,538
2019,27,426625,538600,274.84,0,0.5468,0.3312,426,538
2019,28,426625,538600,275.24,270.56,0.5468,0.3312,426,538
2019,29,426625,538600,0,268.94,0.5468,0.3312,426,538
2019,30,426625,538600,274.08,268.44,0.5468,0.3312,426,538
2019,31,426625,538600,272.72,0,0.5468,0.3312,426,538
2019,32,426625,538600,0,0,0.5468,0.3312,426,538
2019,33,426625,538600,271.72,265.22,0.6464,0.37,426,538
2019,34,426625,538600,0,0,0.6464,0.37,426,538
2019,35,426625,538600,277.38,272.2,0.6464,0.37,426,538
2019,36,426625,538600,0,273.94,0.6464,0.37,426,538
2019,37,426625,538600,0,0,0.6464,0.37,426,538
2019,38,426625,538600,0,272.46,0.6464,0.37,426,538
2019,39,426625,538600,0,0,0.6464,0.37,426,538
2019,40,426625,538600,279.82,272.84,0.6464,0.37,426,538
2019,41,426625,538600,276.14,271.36,0.6464,0.37,426,538
2019,42,426625,538600,0,0,0.6464,0.37,426,538
2019,43,426625,538600,0,0,0.6464,0.37,426,538
2019,44,426625,538600,0,0,0.6464,0.37,426,538
2019,45,426625,538600,0,0,0.6464,0.37,426,538
2019,46,426625,538600,282.04,0,0.6464,0.37,426,538
2019,47,426625,538600,0,0,0.6464,0.37,426,538
2019,48,426625,538600,0,275.44,0.6464,0.37,426,538
2019,49,426625,538600,0,272.58,0.6597,0.4315,426,538
2019,50,426625,538600,0,0,0.6597,0.4315,426,538
2019,51,426625,538600,0,0,0.6597,0.4315,426,538
2019,52,426625,538600,0,275.84,0.6597,0.4315,426,538
2019,53,426625,538600,0,0,0.6597,0.4315,426,538
2019,54,426625,538600,0,0,0.6597,0.4315,426,538
2019,55,426625,538600,284.74,0,0.6597,0.4315,426,538
2019,56,426625,538600,0,273.84,0.6597,0.4315,426,538
2019,57,426625,538600,287.54,275.2,0.6597,0.4315,426,538
2019,58,426625,538600,287.28,274.78,0.6597,0.4315,426,538
2019,59,426625,538600,0,0,0.6597,0.4315,426,538
2019,60,426625,538600,0,0,0.6597,0.4315,426,538
2019,61,426625,538600,285.76,277.32,0.6597,0.4315,426,538
2019,62,426625,538600,278.94,0,0.6597,0.4315,426,538
2019,63,426625,538600,0,0,0.6597,0.4315,426,538
2019,64,426625,538600,0,0,0.6597,0.4315,426,538
2019,65,426625,538600,0,276.7,0.6626,0.3656,426,538
2019,66,426625,538600,0,273.48,0.6626,0.3656,426,538
2019,67,426625,538600,0,277.44,0.6626,0.3656,426,538
2019,68,426625,538600,278.84,0,0.6626,0.3656,426,538
2019,69,426625,538600,0,272.8,0.6626,0.3656,426,538
2019,70,426625,538600,281.48,0,0.6626,0.3656,426,538
2019,71,426625,538600,0,0,0.6626,0.3656,426,538
2019,72,426625,538600,282.24,0,0.6626,0.3656,426,538
2019,73,426625,538600,284.16,0,0.6626,0.3656,426,538
2019,74,426625,538600,0,0,0.6626,0.3656,426,538
2019,75,426625,538600,0,275.08,0.6626,0.3656,426,538
2019,76,426625,538600,281.24,274.78,0.6626,0.3656,426,538
2019,77,426625,538600,0,270.04,0.6626,0.3656,426,538
2019,78,426625,538600,0,0,0.6626,0.3656,426,538
2019,79,426625,538600,282.94,281.56,0.6626,0.3656,426,538
2019,80,426625,538600,287.32,0,0.6626,0.3656,426,538
2019,81,426625,538600,0,0,0.6911,0.4444,426,538
2019,82,426625,538600,0,0,0.6911,0.4444,426,538
2019,83,426625,538600,283,276.66,0.6911,0.4444,426,538
2019,84,426625,538600,287.3,0,0.6911,0.4444,426,538
2019,85,426625,538600,0,0,0.6911,0.4444,426,538
2019,86,426625,538600,0,276.12,0.6911,0.4444,426,538
2019,87,426625,538600,288.2,275.5,0.6911,0.4444,426,538
2019,88,426625,538600,289.4,275.44,0.6911,0.4444,426,538
2019,89,426625,538600,0,0,0.6911,0.4444,426,538
2019,90,426625,538600,0,272.24,0.6911,0.4444,426,538
2019,91,426625,538600,0,0,0.6911,0.4444,426,538
2019,92,426625,538600,0,0,0.6911,0.4444,426,538
2019,93,426625,538600,0,0,0.6911,0.4444,426,538
2019,94,426625,538600,0,0,0.6911,0.4444,426,538
2019,95,426625,538600,285.12,0,0.6911,0.4444,426,538
2019,96,426625,538600,0,0,0.6911,0.4444,426,538
2019,97,426625,538600,0,0,0.6915,0.4502,426,538
2019,98,426625,538600,0,276.68,0.6915,0.4502,426,538
2019,99,426625,538600,0,0,0.6915,0.4502,426,538
2019,100,426625,538600,0,271.6,0.6915,0.4502,426,538
2019,101,426625,538600,286.3,274.44,0.6915,0.4502,426,538
2019,102,426625,538600,0,270.92,0.6915,0.4502,426,538
2019,103,426625,538600,282.8,271.2,0.6915,0.4502,426,538
2019,104,426625,538600,0,0,0.6915,0.4502,426,538
2019,105,426625,538600,284.4,0,0.6915,0.4502,426,538
2019,106,426625,538600,0,0,0.6915,0.4502,426,538
2019,107,426625,538600,290.72,0,0.6915,0.4502,426,538
2019,108,426625,538600,0,0,0.6915,0.4502,426,538
2019,109,426625,538600,294.84,0,0.6915,0.4502,426,538
2019,110,426625,538600,293.22,280.34,0.6915,0.4502,426,538
2019,111,426625,538600,296,280.02,0.6915,0.4502,426,538
2019,112,426625,538600,294.74,278.56,0.6915,0.4502,426,538
2019,113,426625,538600,0,277.32,0.7423,0.5642,426,538
2019,114,426625,538600,0,0,0.7423,0.5642,426,538
2019,115,426625,538600,0,278.72,0.7423,0.5642,426,538
2019,116,426625,538600,0,0,0.7423,0.5642,426,538
2019,117,426625,538600,0,0,0.7423,0.5642,426,538
2019,118,426625,538600,0,275.9,0.7423,0.5642,426,538
2019,119,426625,538600,0,277.86,0.7423,0.5642,426,538
2019,120,426625,538600,0,0,0.7423,0.5642,426,538
2019,121,426625,538600,0,0,0.7423,0.5642,426,538
2019,122,426625,538600,0,0,0.7423,0.5642,426,538
2019,123,426625,538600,0,272.58,0.7423,0.5642,426,538
2019,124,426625,538600,0,0,0.7423,0.5642,426,538
2019,125,426625,538600,0,273.6,0.7423,0.5642,426,538
2019,126,426625,538600,0,0,0.7423,0.5642,426,538
2019,127,426625,538600,0,0,0.7423,0.5642,426,538
2019,128,426625,538600,0,0,0.7423,0.5642,426,538
2019,129,426625,538600,0,0,0.855,0.6494,426,538
2019,130,426625,538600,0,0,0.855,0.6494,426,538
2019,131,426625,538600,0,276.12,0.855,0.6494,426,538
2019,132,426625,538600,292.8,278.7,0.855,0.6494,426,538
2019,133,426625,538600,291.9,0,0.855,0.6494,426,538
2019,134,426625,538600,296.02,280.88,0.855,0.6494,426,538
2019,135,426625,538600,295.94,0,0.855,0.6494,426,538
2019,136,426625,538600,289.22,0,0.855,0.6494,426,538
2019,137,426625,538600,0,0,0.855,0.6494,426,538
2019,138,426625,538600,0,0,0.855,0.6494,426,538
2019,139,426625,538600,0,0,0.855,0.6494,426,538
2019,140,426625,538600,290.12,280.14,0.855,0.6494,426,538
2019,141,426625,538600,0,278.16,0.855,0.6494,426,538
2019,142,426625,538600,293.26,281.76,0.855,0.6494,426,538
2019,143,426625,538600,288.36,280.52,0.855,0.6494,426,538
2019,144,426625,538600,291.5,0,0.855,0.6494,426,538
2019,145,426625,538600,0,0,0.5659,0.4504,426,538
2019,146,426625,538600,0,279.6,0.5659,0.4504,426,538
2019,147,426625,538600,0,0,0.5659,0.4504,426,538
2019,148,426625,538600,0,277.26,0.5659,0.4504,426,538
2019,149,426625,538600,0,0,0.5659,0.4504,426,538
2019,150,426625,538600,0,0,0.5659,0.4504,426,538
2019,151,426625,538600,0,278.14,0.5659,0.4504,426,538
2019,152,426625,538600,0,0,0.5659,0.4504,426,538
2019,153,426625,538600,0,0,0.5659,0.4504,426,538
2019,154,426625,538600,0,0,0.5659,0.4504,426,538
2019,155,426625,538600,0,0,0.5659,0.4504,426,538
2019,156,426625,538600,0,0,0.5659,0.4504,426,538
2019,157,426625,538600,0,279.14,0.5659,0.4504,426,538
2019,158,426625,538600,0,0,0.5659,0.4504,426,538
2019,159,426625,538600,0,0,0.5659,0.4504,426,538
2019,160,426625,538600,0,278.76,0.5659,0.4504,426,538
2019,161,426625,538600,293.04,0,0.9103,0.7258,426,538
2019,162,426625,538600,0,0,0.9103,0.7258,426,538
2019,163,426625,538600,0,0,0.9103,0.7258,426,538
2019,164,426625,538600,0,0,0.9103,0.7258,426,538
2019,165,426625,538600,0,0,0.9103,0.7258,426,538
2019,166,426625,538600,0,0,0.9103,0.7258,426,538
2019,167,426625,538600,0,0,0.9103,0.7258,426,538
2019,168,426625,538600,0,281.88,0.9103,0.7258,426,538
2019,169,426625,538600,0,0,0.9103,0.7258,426,538
2019,170,426625,538600,290.56,281.66,0.9103,0.7258,426,538
2019,171,426625,538600,0,281.94,0.9103,0.7258,426,538
2019,172,426625,538600,292.04,280.66,0.9103,0.7258,426,538
2019,173,426625,538600,0,0,0.9103,0.7258,426,538
2019,174,426625,538600,0,0,0.9103,0.7258,426,538
2019,175,426625,538600,0,0,0.9103,0.7258,426,538
2019,176,426625,538600,0,0,0.9103,0.7258,426,538
2019,177,426625,538600,0,279.86,0.8568,0.6067,426,538
2019,178,426625,538600,297.98,283.24,0.8568,0.6067,426,538
2019,179,426625,538600,290.48,286.04,0.8568,0.6067,426,538
2019,180,426625,538600,293.82,0,0.8568,0.6067,426,538
2019,181,426625,538600,294.36,0,0.8568,0.6067,426,538
2019,182,426625,538600,294.48,284.38,0.8568,0.6067,426,538
2019,183,426625,538600,0,284.92,0.8568,0.6067,426,538
2019,184,426625,538600,293.8,284.96,0.8568,0.6067,426,538
2019,185,426625,538600,0,0,0.8568,0.6067,426,538
2019,186,426625,538600,0,0,0.8568,0.6067,426,538
2019,187,426625,538600,295.38,0,0.8568,0.6067,426,538
2019,188,426625,538600,0,280.52,0.8568,0.6067,426,538
2019,189,426625,538600,0,0,0.8568,0.6067,426,538
2019,190,426625,538600,0,0,0.8568,0.6067,426,538
2019,191,426625,538600,0,0,0.8568,0.6067,426,538
2019,192,426625,538600,0,284.62,0.8568,0.6067,426,538
2019,193,426625,538600,0,0,0.7577,0.5343,426,538
2019,194,426625,538600,0,0,0.7577,0.5343,426,538
2019,195,426625,538600,0,283.06,0.7577,0.5343,426,538
2019,196,426625,538600,292.64,284.7,0.7577,0.5343,426,538
2019,197,426625,538600,0,0,0.7577,0.5343,426,538
2019,198,426625,538600,0,0,0.7577,0.5343,426,538
2019,199,426625,538600,0,285.22,0.7577,0.5343,426,538
2019,200,426625,538600,0,0,0.7577,0.5343,426,538
2019,201,426625,538600,0,285.04,0.7577,0.5343,426,538
2019,202,426625,538600,0,0,0.7577,0.5343,426,538
2019,203,426625,538600,0,288.96,0.7577,0.5343,426,538
2019,204,426625,538600,299.86,0,0.7577,0.5343,426,538
2019,205,426625,538600,299.78,0,0.7577,0.5343,426,538
2019,206,426625,538600,301.98,0,0.7577,0.5343,426,538
2019,207,426625,538600,0,0,0.7577,0.5343,426,538
2019,208,426625,538600,0,0,0.7577,0.5343,426,538
2019,209,426625,538600,0,285.1,0.7816,0.5043,426,538
2019,210,426625,538600,0,285.04,0.7816,0.5043,426,538
2019,211,426625,538600,0,0,0.7816,0.5043,426,538
2019,212,426625,538600,0,285.9,0.7816,0.5043,426,538
2019,213,426625,538600,0,0,0.7816,0.5043,426,538
2019,214,426625,538600,0,285.2,0.7816,0.5043,426,538
2019,215,426625,538600,0,0,0.7816,0.5043,426,538
2019,216,426625,538600,0,0,0.7816,0.5043,426,538
2019,217,426625,538600,0,285.84,0.7816,0.5043,426,538
2019,218,426625,538600,0,0,0.7816,0.5043,426,538
2019,219,426625,538600,292.68,283.38,0.7816,0.5043,426,538
2019,220,426625,538600,0,0,0.7816,0.5043,426,538
2019,221,426625,538600,0,0,0.7816,0.5043,426,538
2019,222,426625,538600,0,0,0.7816,0.5043,426,538
2019,223,426625,538600,0,0,0.7816,0.5043,426,538
2019,224,426625,538600,0,281.64,0.7816,0.5043,426,538
2019,225,426625,538600,0,281.2,0.7074,0.4606,426,538
2019,226,426625,538600,0,0,0.7074,0.4606,426,538
2019,227,426625,538600,288.52,0,0.7074,0.4606,426,538
2019,228,426625,538600,0,287.46,0.7074,0.4606,426,538
2019,229,426625,538600,0,285.6,0.7074,0.4606,426,538
2019,230,426625,538600,0,283.58,0.7074,0.4606,426,538
2019,231,426625,538600,0,282.62,0.7074,0.4606,426,538
2019,232,426625,538600,0,280.7,0.7074,0.4606,426,538
2019,233,426625,538600,0,0,0.7074,0.4606,426,538
2019,234,426625,538600,0,0,0.7074,0.4606,426,538
2019,235,426625,538600,0,0,0.7074,0.4606,426,538
2019,236,426625,538600,0,284.6,0.7074,0.4606,426,538
2019,237,426625,538600,299.96,286.16,0.7074,0.4606,426,538
2019,238,426625,538600,301.06,287.26,0.7074,0.4606,426,538
2019,239,426625,538600,298.22,0,0.7074,0.4606,426,538
2019,240,426625,538600,0,282.3,0.7074,0.4606,426,538
2019,241,426625,538600,0,0,0.6544,0.5071,426,538
2019,242,426625,538600,0,0,0.6544,0.5071,426,538
2019,243,426625,538600,0,281.5,0.6544,0.5071,426,538
2019,244,426625,538600,292.96,0,0.6544,0.5071,426,538
2019,245,426625,538600,0,0,0.6544,0.5071,426,538
2019,246,426625,538600,0,0,0.6544,0.5071,426,538
2019,247,426625,538600,0,282.6,0.6544,0.5071,426,538
2019,248,426625,538600,0,0,0.6544,0.5071,426,538
2019,249,426625,538600,0,283.42,0.6544,0.5071,426,538
2019,250,426625,538600,0,277.06,0.6544,0.5071,426,538
2019,251,426625,538600,291.54,0,0.6544,0.5071,426,538
2019,252,426625,538600,0,281.9,0.6544,0.5071,426,538
2019,253,426625,538600,0,0,0.6544,0.5071,426,538
2019,254,426625,538600,290.54,0,0.6544,0.5071,426,538
2019,255,426625,538600,0,282.56,0.6544,0.5071,426,538
2019,256,426625,538600,0,0,0.6544,0.5071,426,538
2019,257,426625,538600,0,0,0.7137,0.4496,426,538
2019,258,426625,538600,0,276.92,0.7137,0.4496,426,538
2019,259,426625,538600,286.8,0,0.7137,0.4496,426,538
2019,260,426625,538600,289.8,275.46,0.7137,0.4496,426,538
2019,261,426625,538600,0,0,0.7137,0.4496,426,538
2019,262,426625,538600,294.68,0,0.7137,0.4496,426,538
2019,263,426625,538600,294.16,283.16,0.7137,0.4496,426,538
2019,264,426625,538600,294.82,280.82,0.7137,0.4496,426,538
2019,265,426625,538600,0,0,0.7137,0.4496,426,538
2019,266,426625,538600,288.64,0,0.7137,0.4496,426,538
2019,267,426625,538600,0,0,0.7137,0.4496,426,538
2019,268,426625,538600,0,0,0.7137,0.4496,426,538
2019,269,426625,538600,290.44,0,0.7137,0.4496,426,538
2019,270,426625,538600,0,282.08,0.7137,0.4496,426,538
2019,271,426625,538600,0,0,0.7137,0.4496,426,538
2019,272,426625,538600,0,276.92,0.7137,0.4496,426,538
2019,273,426625,538600,0,0,0.7293,0.5033,426,538
2019,274,426625,538600,0,277.3,0.7293,0.5033,426,538
2019,275,426625,538600,284.82,277.94,0.7293,0.5033,426,538
2019,276,426625,538600,0,0,0.7293,0.5033,426,538
2019,277,426625,538600,0,0,0.7293,0.5033,426,538
2019,278,426625,538600,0,0,0.7293,0.5033,426,538
2019,279,426625,538600,0,0,0.7293,0.5033,426,538
2019,280,426625,538600,0,280.94,0.7293,0.5033,426,538
2019,281,426625,538600,286.58,280.64,0.7293,0.5033,426,538
2019,282,426625,538600,0,277.44,0.7293,0.5033,426,538
2019,283,426625,538600,0,281.98,0.7293,0.5033,426,538
2019,284,426625,538600,0,0,0.7293,0.5033,426,538
2019,285,426625,538600,0,0,0.7293,0.5033,426,538
2019,286,426625,538600,0,280.78,0.7293,0.5033,426,538
2019,287,426625,538600,0,0,0.7293,0.5033,426,538
2019,288,426625,538600,0,0,0.7293,0.5033,426,538
2019,289,426625,538600,0,276.56,0.7289,0.3814,426,538
2019,290,426625,538600,285.42,272.32,0.7289,0.3814,426,538
2019,291,426625,538600,0,0,0.7289,0.3814,426,538
2019,292,426625,538600,0,270.42,0.7289,0.3814,426,538
2019,293,426625,538600,0,0,0.7289,0.3814,426,538
2019,294,426625,538600,0,274.42,0.7289,0.3814,426,538
2019,295,426625,538600,0,0,0.7289,0.3814,426,538
2019,296,426625,538600,284.02,277.7,0.7289,0.3814,426,538
2019,297,426625,538600,0,0,0.7289,0.3814,426,538
2019,298,426625,538600,0,0,0.7289,0.3814,426,538
2019,299,426625,538600,0,273.8,0.7289,0.3814,426,538
2019,300,426625,538600,281.92,276.36,0.7289,0.3814,426,538
2019,301,426625,538600,281.62,274.02,0.7289,0.3814,426,538
2019,302,426625,538600,279.5,0,0.7289,0.3814,426,538
2019,303,426625,538600,281.04,272.72,0.7289,0.3814,426,538
2019,304,426625,538600,0,0,0.7289,0.3814,426,538
2019,305,426625,538600,0,0,0.62,0.3306,426,538
2019,306,426625,538600,0,0,0.62,0.3306,426,538
2019,307,426625,538600,0,0,0.62,0.3306,426,538
2019,308,426625,538600,0,0,0.62,0.3306,426,538
2019,309,426625,538600,0,276.12,0.62,0.3306,426,538
2019,310,426625,538600,0,0,0.62,0.3306,426,538
2019,311,426625,538600,0,0,0.62,0.3306,426,538
2019,312,426625,538600,0,268.28,0.62,0.3306,426,538
2019,313,426625,538600,0,0,0.62,0.3306,426,538
2019,314,426625,538600,278.88,0,0.62,0.3306,426,538
2019,315,426625,538600,0,0,0.62,0.3306,426,538
2019,316,426625,538600,0,0,0.62,0.3306,426,538
2019,317,426625,538600,0,271.36,0.62,0.3306,426,538
2019,318,426625,538600,0,0,0.62,0.3306,426,538
2019,319,426625,538600,0,266.46,0.62,0.3306,426,538
2019,320,426625,538600,0,0,0.62,0.3306,426,538
2019,321,426625,538600,0,275.92,0.6433,0.2675,426,538
2019,322,426625,538600,278.54,270.6,0.6433,0.2675,426,538
2019,323,426625,538600,0,0,0.6433,0.2675,426,538
2019,324,426625,538600,0,0,0.6433,0.2675,426,538
2019,325,426625,538600,0,0,0.6433,0.2675,426,538
2019,326,426625,538600,0,0,0.6433,0.2675,426,538
2019,327,426625,538600,0,0,0.6433,0.2675,426,538
2019,328,426625,538600,0,0,0.6433,0.2675,426,538
2019,329,426625,538600,0,0,0.6433,0.2675,426,538
2019,330,426625,538600,0,279.64,0.6433,0.2675,426,538
2019,331,426625,538600,0,0,0.6433,0.2675,426,538
2019,332,426625,538600,0,0,0.6433,0.2675,426,538
2019,333,426625,538600,277.36,270.64,0.6433,0.2675,426,538
2019,334,426625,538600,274.24,0,0.6433,0.2675,426,538
2019,335,426625,538600,274.18,270.6,0.6433,0.2675,426,538
2019,336,426625,538600,0,0,0.6433,0.2675,426,538
2019,337,426625,538600,278.76,275.52,0.4459,0.1925,426,538
2019,338,426625,538600,279.44,0,0.4459,0.1925,426,538
2019,339,426625,538600,0,0,0.4459,0.1925,426,538
2019,340,426625,538600,0,278.48,0.4459,0.1925,426,538
2019,341,426625,538600,0,0,0.4459,0.1925,426,538
2019,342,426625,538600,278.84,0,0.4459,0.1925,426,538
2019,343,426625,538600,277.38,271.04,0.4459,0.1925,426,538
2019,344,426625,538600,0,275.7,0.4459,0.1925,426,538
2019,345,426625,538600,273.88,272.32,0.4459,0.1925,426,538
2019,346,426625,538600,0,0,0.4459,0.1925,426,538
2019,347,426625,538600,276.1,273.18,0.4459,0.1925,426,538
2019,348,426625,538600,0,0,0.4459,0.1925,426,538
2019,349,426625,538600,275.74,272.96,0.4459,0.1925,426,538
2019,350,426625,538600,276.28,0,0.4459,0.1925,426,538
2019,351,426625,538600,0,271.96,0.4459,0.1925,426,538
2019,352,426625,538600,0,0,0.4459,0.1925,426,538
2019,353,426625,538600,0,275.6,0.4186,0.1405,426,538
2019,354,426625,538600,0,274.96,0.4186,0.1405,426,538
2019,355,426625,538600,0,0,0.4186,0.1405,426,538
2019,356,426625,538600,0,274.62,0.4186,0.1405,426,538
2019,357,426625,538600,275.06,0,0.4186,0.1405,426,538
2019,358,426625,538600,0,0,0.4186,0.1405,426,538
2019,359,426625,538600,0,0,0.4186,0.1405,426,538
2019,360,426625,538600,0,0,0.4186,0.1405,426,538
2019,361,426625,538600,0,0,0.4186,0.1405,426,538
2019,362,426625,538600,0,0,0.4186,0.1405,426,538
2019,363,426625,538600,0,0,0.4186,0.1405,426,538
2019,364,426625,538600,0,0,0.4186,0.1405,426,538
2019,365,426625,538600,274,273.4,0.4186,0.1405,426,538
2019,0,426599,539527,278.6,0,0.5268,0.3109,426,539
2019,1,426599,539527,278.6,0,0.5268,0.3109,426,539
2019,2,426599,539527,276.86,0,0.5268,0.3109,426,539
2019,3,426599,539527,0,0,0.5268,0.3109,426,539
2019,4,426599,539527,0,0,0.5268,0.3109,426,539
2019,5,426599,539527,0,0,0.5268,0.3109,426,539
2019,6,426599,539527,280.64,0,0.5268,0.3109,426,539
2019,7,426599,539527,0,278.02,0.5268,0.3109,426,539
2019,8,426599,539527,278.26,0,0.5268,0.3109,426,539
2019,9,426599,539527,0,270.2,0.5268,0.3109,426,539
2019,10,426599,539527,0,0,0.5268,0.3109,426,539
2019,11,426599,539527,0,274.06,0.5268,0.3109,426,539
2019,12,426599,539527,0,0,0.5268,0.3109,426,539
2019,13,426599,539527,282.08,276.74,0.5268,0.3109,426,539
2019,14,426599,539527,0,276.66,0.5268,0.3109,426,539
2019,15,426599,539527,0,0,0.5268,0.3109,426,539
2019,16,426599,539527,0,273.2,0.5268,0.3109,426,539
2019,17,426599,539527,274.42,0,0.4962,0.3044,426,539
2019,18,426599,539527,273.62,0,0.4962,0.3044,426,539
2019,19,426599,539527,0,0,0.4962,0.3044,426,539
2019,20,426599,539527,277.46,271.44,0.4962,0.3044,426,539
2019,21,426599,539527,0,0,0.4962,0.3044,426,539
2019,22,426599,539527,275,268.32,0.4962,0.3044,426,539
2019,23,426599,539527,273.98,0,0.4962,0.3044,426,539
2019,24,426599,539527,274.14,269.02,0.4962,0.3044,426,539
2019,25,426599,539527,0,0,0.4962,0.3044,426,539
2019,26,426599,539527,0,0,0.4962,0.3044,426,539
2019,27,426599,539527,274.54,268.88,0.4962,0.3044,426,539
2019,28,426599,539527,275.28,270.36,0.4962,0.3044,426,539
2019,29,426599,539527,0,0,0.4962,0.3044,426,539
2019,30,426599,539527,273.98,268.02,0.4962,0.3044,426,539
2019,31,426599,539527,272.94,266.64,0.4962,0.3044,426,539
2019,32,426599,539527,0,0,0.4962,0.3044,426,539
2019,33,426599,539527,271.74,265.8,0.5098,0.3112,426,539
2019,34,426599,539527,0,0,0.5098,0.3112,426,539
2019,35,426599,539527,277.34,271.92,0.5098,0.3112,426,539
2019,36,426599,539527,0,274.12,0.5098,0.3112,426,539
2019,37,426599,539527,0,0,0.5098,0.3112,426,539
2019,38,426599,539527,0,273.1,0.5098,0.3112,426,539
2019,39,426599,539527,0,275.66,0.5098,0.3112,426,539
2019,40,426599,539527,280,272.76,0.5098,0.3112,426,539
2019,41,426599,539527,276.1,271.38,0.5098,0.3112,426,539
2019,42,426599,539527,0,0,0.5098,0.3112,426,539
2019,43,426599,539527,0,0,0.5098,0.3112,426,539
2019,44,426599,539527,0,0,0.5098,0.3112,426,539
2019,45,426599,539527,0,0,0.5098,0.3112,426,539
2019,46,426599,539527,282.32,0,0.5098,0.3112,426,539
2019,47,426599,539527,0,0,0.5098,0.3112,426,539
2019,48,426599,539527,0,275.82,0.5098,0.3112,426,539
2019,49,426599,539527,0,272.58,0.54,0.3502,426,539
2019,50,426599,539527,0,0,0.54,0.3502,426,539
2019,51,426599,539527,0,0,0.54,0.3502,426,539
2019,52,426599,539527,0,276.04,0.54,0.3502,426,539
2019,53,426599,539527,282.52,0,0.54,0.3502,426,539
2019,54,426599,539527,0,0,0.54,0.3502,426,539
2019,55,426599,539527,284.96,0,0.54,0.3502,426,539
2019,56,426599,539527,0,274.12,0.54,0.3502,426,539
2019,57,426599,539527,287.76,275.84,0.54,0.3502,426,539
2019,58,426599,539527,287.4,275.68,0.54,0.3502,426,539
2019,59,426599,539527,0,0,0.54,0.3502,426,539
2019,60,426599,539527,0,0,0.54,0.3502,426,539
2019,61,426599,539527,0,277.34,0.54,0.3502,426,539
2019,62,426599,539527,278.94,0,0.54,0.3502,426,539
2019,63,426599,539527,0,0,0.54,0.3502,426,539
2019,64,426599,539527,0,0,0.54,0.3502,426,539
2019,65,426599,539527,0,276.7,0.59,0.3369,426,539
2019,66,426599,539527,0,273.36,0.59,0.3369,426,539
2019,67,426599,539527,0,277.38,0.59,0.3369,426,539
2019,68,426599,539527,278.9,0,0.59,0.3369,426,539
2019,69,426599,539527,0,0,0.59,0.3369,426,539
2019,70,426599,539527,281.94,0,0.59,0.3369,426,539
2019,71,426599,539527,0,0,0.59,0.3369,426,539
2019,72,426599,539527,282.14,0,0.59,0.3369,426,539
2019,73,426599,539527,284.42,0,0.59,0.3369,426,539
2019,74,426599,539527,0,0,0.59,0.3369,426,539
2019,75,426599,539527,0,274.86,0.59,0.3369,426,539
2019,76,426599,539527,281.26,274.68,0.59,0.3369,426,539
2019,77,426599,539527,0,269.94,0.59,0.3369,426,539
2019,78,426599,539527,0,0,0.59,0.3369,426,539
2019,79,426599,539527,0,281.52,0.59,0.3369,426,539
2019,80,426599,539527,287.74,0,0.59,0.3369,426,539
2019,81,426599,539527,0,0,0.6622,0.4459,426,539
2019,82,426599,539527,0,0,0.6622,0.4459,426,539
2019,83,426599,539527,283.1,276.26,0.6622,0.4459,426,539
2019,84,426599,539527,287.68,0,0.6622,0.4459,426,539
2019,85,426599,539527,0,0,0.6622,0.4459,426,539
2019,86,426599,539527,282.56,276.06,0.6622,0.4459,426,539
2019,87,426599,539527,288.84,275.6,0.6622,0.4459,426,539
2019,88,426599,539527,289.66,274.98,0.6622,0.4459,426,539
2019,89,426599,539527,0,0,0.6622,0.4459,426,539
2019,90,426599,539527,0,272.48,0.6622,0.4459,426,539
2019,91,426599,539527,0,0,0.6622,0.4459,426,539
2019,92,426599,539527,0,273.92,0.6622,0.4459,426,539
2019,93,426599,539527,0,0,0.6622,0.4459,426,539
2019,94,426599,539527,0,0,0.6622,0.4459,426,539
2019,95,426599,539527,284.02,0,0.6622,0.4459,426,539
2019,96,426599,539527,0,0,0.6622,0.4459,426,539
2019,97,426599,539527,0,0,0.7103,0.4685,426,539
2019,98,426599,539527,0,277.02,0.7103,0.4685,426,539
2019,99,426599,539527,0,0,0.7103,0.4685,426,539
2019,100,426599,539527,286.4,272.04,0.7103,0.4685,426,539
2019,101,426599,539527,286.5,274.96,0.7103,0.4685,426,539
2019,102,426599,539527,0,270.94,0.7103,0.4685,426,539
2019,103,426599,539527,283.06,0,0.7103,0.4685,426,539
2019,104,426599,539527,0,0,0.7103,0.4685,426,539
2019,105,426599,539527,285.04,0,0.7103,0.4685,426,539
2019,106,426599,539527,0,0,0.7103,0.4685,426,539
2019,107,426599,539527,291.5,0,0.7103,0.4685,426,539
2019,108,426599,539527,0,0,0.7103,0.4685,426,539
2019,109,426599,539527,295.7,0,0.7103,0.4685,426,539
2019,110,426599,539527,294,281.52,0.7103,0.4685,426,539
2019,111,426599,539527,297.28,280.58,0.7103,0.4685,426,539
2019,112,426599,539527,295.54,278.8,0.7103,0.4685,426,539
2019,113,426599,539527,0,278.06,0.7309,0.4056,426,539
2019,114,426599,539527,0,0,0.7309,0.4056,426,539
2019,115,426599,539527,0,279.04,0.7309,0.4056,426,539
2019,116,426599,539527,286.64,0,0.7309,0.4056,426,539
2019,117,426599,539527,0,0,0.7309,0.4056,426,539
2019,118,426599,539527,0,276.12,0.7309,0.4056,426,539
2019,119,426599,539527,0,278.3,0.7309,0.4056,426,539
2019,120,426599,539527,0,0,0.7309,0.4056,426,539
2019,121,426599,539527,0,0,0.7309,0.4056,426,539
2019,122,426599,539527,0,0,0.7309,0.4056,426,539
2019,123,426599,539527,0,272.92,0.7309,0.4056,426,539
2019,124,426599,539527,0,0,0.7309,0.4056,426,539
2019,125,426599,539527,0,273.78,0.7309,0.4056,426,539
2019,126,426599,539527,0,0,0.7309,0.4056,426,539
2019,127,426599,539527,0,0,0.7309,0.4056,426,539
2019,128,426599,539527,0,0,0.7309,0.4056,426,539
2019,129,426599,539527,0,0,0.8034,0.5925,426,539
2019,130,426599,539527,0,0,0.8034,0.5925,426,539
2019,131,426599,539527,288.3,276.28,0.8034,0.5925,426,539
2019,132,426599,539527,293.86,278.7,0.8034,0.5925,426,539
2019,133,426599,539527,290.3,0,0.8034,0.5925,426,539
2019,134,426599,539527,296.82,281.34,0.8034,0.5925,426,539
2019,135,426599,539527,297.2,0,0.8034,0.5925,426,539
2019,136,426599,539527,289.64,281.18,0.8034,0.5925,426,539
2019,137,426599,539527,0,0,0.8034,0.5925,426,539
2019,138,426599,539527,0,0,0.8034,0.5925,426,539
2019,139,426599,539527,0,0,0.8034,0.5925,426,539
2019,140,426599,539527,290.12,280.04,0.8034,0.5925,426,539
2019,141,426599,539527,0,278.78,0.8034,0.5925,426,539
2019,142,426599,539527,294.36,281.74,0.8034,0.5925,426,539
2019,143,426599,539527,288.26,280.34,0.8034,0.5925,426,539
2019,144,426599,539527,291.46,0,0.8034,0.5925,426,539
2019,145,426599,539527,0,0,0.7027,0.7029,426,539
2019,146,426599,539527,0,279.72,0.7027,0.7029,426,539
2019,147,426599,539527,0,0,0.7027,0.7029,426,539
2019,148,426599,539527,0,277.62,0.7027,0.7029,426,539
2019,149,426599,539527,0,0,0.7027,0.7029,426,539
2019,150,426599,539527,0,0,0.7027,0.7029,426,539
2019,151,426599,539527,0,0,0.7027,0.7029,426,539
2019,152,426599,539527,0,0,0.7027,0.7029,426,539
2019,153,426599,539527,0,0,0.7027,0.7029,426,539
2019,154,426599,539527,0,0,0.7027,0.7029,426,539
2019,155,426599,539527,0,0,0.7027,0.7029,426,539
2019,156,426599,539527,0,0,0.7027,0.7029,426,539
2019,157,426599,539527,0,279.26,0.7027,0.7029,426,539
2019,158,426599,539527,0,0,0.7027,0.7029,426,539
2019,159,426599,539527,0,0,0.7027,0.7029,426,539
2019,160,426599,539527,283.52,278.76,0.7027,0.7029,426,539
2019,161,426599,539527,293.52,0,0.9103,0.7258,426,539
2019,162,426599,539527,0,0,0.9103,0.7258,426,539
2019,163,426599,539527,0,0,0.9103,0.7258,426,539
2019,164,426599,539527,0,0,0.9103,0.7258,426,539
2019,165,426599,539527,0,0,0.9103,0.7258,426,539
2019,166,426599,539527,0,0,0.9103,0.7258,426,539
2019,167,426599,539527,0,0,0.9103,0.7258,426,539
2019,168,426599,539527,0,281.98,0.9103,0.7258,426,539
2019,169,426599,539527,0,0,0.9103,0.7258,426,539
2019,170,426599,539527,290.88,281.92,0.9103,0.7258,426,539
2019,171,426599,539527,290.42,282.28,0.9103,0.7258,426,539
2019,172,426599,539527,0,281.36,0.9103,0.7258,426,539
2019,173,426599,539527,0,0,0.9103,0.7258,426,539
2019,174,426599,539527,0,0,0.9103,0.7258,426,539
2019,175,426599,539527,0,0,0.9103,0.7258,426,539
2019,176,426599,539527,0,0,0.9103,0.7258,426,539
2019,177,426599,539527,0,279.78,0.8715,0.6401,426,539
2019,178,426599,539527,298.66,283.74,0.8715,0.6401,426,539
2019,179,426599,539527,289.74,286.16,0.8715,0.6401,426,539
2019,180,426599,539527,0,0,0.8715,0.6401,426,539
2019,181,426599,539527,293.64,0,0.8715,0.6401,426,539
2019,182,426599,539527,294.8,284.5,0.8715,0.6401,426,539
2019,183,426599,539527,0,284.9,0.8715,0.6401,426,539
2019,184,426599,539527,295.14,285.06,0.8715,0.6401,426,539
2019,185,426599,539527,0,0,0.8715,0.6401,426,539
2019,186,426599,539527,0,0,0.8715,0.6401,426,539
2019,187,426599,539527,295.48,0,0.8715,0.6401,426,539
2019,188,426599,539527,0,281.02,0.8715,0.6401,426,539
2019,189,426599,539527,0,0,0.8715,0.6401,426,539
2019,190,426599,539527,0,0,0.8715,0.6401,426,539
2019,191,426599,539527,0,0,0.8715,0.6401,426,539
2019,192,426599,539527,0,284.88,0.8715,0.6401,426,539
2019,193,426599,539527,0,0,0.7299,0.5085,426,539
2019,194,426599,539527,0,0,0.7299,0.5085,426,539
2019,195,426599,539527,0,283.18,0.7299,0.5085,426,539
2019,196,426599,539527,297.98,284.7,0.7299,0.5085,426,539
2019,197,426599,539527,0,0,0.7299,0.5085,426,539
2019,198,426599,539527,0,0,0.7299,0.5085,426,539
2019,199,426599,539527,0,285.2,0.7299,0.5085,426,539
2019,200,426599,539527,0,0,0.7299,0.5085,426,539
2019,201,426599,539527,0,284.88,0.7299,0.5085,426,539
2019,202,426599,539527,0,0,0.7299,0.5085,426,539
2019,203,426599,539527,0,288.66,0.7299,0.5085,426,539
2019,204,426599,539527,299.28,0,0.7299,0.5085,426,539
2019,205,426599,539527,300.26,0,0.7299,0.5085,426,539
2019,206,426599,539527,302.3,0,0.7299,0.5085,426,539
2019,207,426599,539527,0,0,0.7299,0.5085,426,539
2019,208,426599,539527,0,0,0.7299,0.5085,426,539
2019,209,426599,539527,0,282.42,0.6265,0.3785,426,539
2019,210,426599,539527,0,285.3,0.6265,0.3785,426,539
2019,211,426599,539527,0,0,0.6265,0.3785,426,539
2019,212,426599,539527,0,286.08,0.6265,0.3785,426,539
2019,213,426599,539527,0,0,0.6265,0.3785,426,539
2019,214,426599,539527,0,285.24,0.6265,0.3785,426,539
2019,215,426599,539527,0,0,0.6265,0.3785,426,539
2019,216,426599,539527,295.08,0,0.6265,0.3785,426,539
2019,217,426599,539527,0,285.82,0.6265,0.3785,426,539
2019,218,426599,539527,0,0,0.6265,0.3785,426,539
2019,219,426599,539527,294.68,283.66,0.6265,0.3785,426,539
2019,220,426599,539527,0,0,0.6265,0.3785,426,539
2019,221,426599,539527,0,0,0.6265,0.3785,426,539
2019,222,426599,539527,0,0,0.6265,0.3785,426,539
2019,223,426599,539527,0,0,0.6265,0.3785,426,539
2019,224,426599,539527,0,281.66,0.6265,0.3785,426,539
2019,225,426599,539527,289.4,281.22,0.6585,0.4118,426,539
2019,226,426599,539527,0,0,0.6585,0.4118,426,539
2019,227,426599,539527,288.42,0,0.6585,0.4118,426,539
2019,228,426599,539527,0,287.34,0.6585,0.4118,426,539
2019,229,426599,539527,291.7,285.34,0.6585,0.4118,426,539
2019,230,426599,539527,0,283.22,0.6585,0.4118,426,539
2019,231,426599,539527,0,282.62,0.6585,0.4118,426,539
2019,232,426599,539527,0,279.48,0.6585,0.4118,426,539
2019,233,426599,539527,0,0,0.6585,0.4118,426,539
2019,234,426599,539527,0,0,0.6585,0.4118,426,539
2019,235,426599,539527,0,0,0.6585,0.4118,426,539
2019,236,426599,539527,0,285,0.6585,0.4118,426,539
2019,237,426599,539527,299.96,286.84,0.6585,0.4118,426,539
2019,238,426599,539527,300.46,287.68,0.6585,0.4118,426,539
2019,239,426599,539527,298.12,0,0.6585,0.4118,426,539
2019,240,426599,539527,0,282.24,0.6585,0.4118,426,539
2019,241,426599,539527,0,0,0.6576,0.4174,426,539
2019,242,426599,539527,0,0,0.6576,0.4174,426,539
2019,243,426599,539527,289.94,281.62,0.6576,0.4174,426,539
2019,244,426599,539527,293.22,0,0.6576,0.4174,426,539
2019,245,426599,539527,0,0,0.6576,0.4174,426,539
2019,246,426599,539527,0,0,0.6576,0.4174,426,539
2019,247,426599,539527,0,282.62,0.6576,0.4174,426,539
2019,248,426599,539527,0,0,0.6576,0.4174,426,539
2019,249,426599,539527,0,283.62,0.6576,0.4174,426,539
2019,250,426599,539527,0,277.22,0.6576,0.4174,426,539
2019,251,426599,539527,291.36,0,0.6576,0.4174,426,539
2019,252,426599,539527,0,0,0.6576,0.4174,426,539
2019,253,426599,539527,0,0,0.6576,0.4174,426,539
2019,254,426599,539527,291.38,0,0.6576,0.4174,426,539
2019,255,426599,539527,0,282.68,0.6576,0.4174,426,539
2019,256,426599,539527,0,0,0.6576,0.4174,426,539
2019,257,426599,539527,0,0,0.6285,0.3998,426,539
2019,258,426599,539527,0,277.08,0.6285,0.3998,426,539
2019,259,426599,539527,286.8,0,0.6285,0.3998,426,539
2019,260,426599,539527,290.36,275.5,0.6285,0.3998,426,539
2019,261,426599,539527,0,0,0.6285,0.3998,426,539
2019,262,426599,539527,294.2,0,0.6285,0.3998,426,539
2019,263,426599,539527,294.14,283.88,0.6285,0.3998,426,539
2019,264,426599,539527,294.84,280.88,0.6285,0.3998,426,539
2019,265,426599,539527,0,0,0.6285,0.3998,426,539
2019,266,426599,539527,288.78,0,0.6285,0.3998,426,539
2019,267,426599,539527,0,0,0.6285,0.3998,426,539
2019,268,426599,539527,0,0,0.6285,0.3998,426,539
2019,269,426599,539527,290.5,0,0.6285,0.3998,426,539
2019,270,426599,539527,0,282,0.6285,0.3998,426,539
2019,271,426599,539527,0,0,0.6285,0.3998,426,539
2019,272,426599,539527,0,276.94,0.6285,0.3998,426,539
2019,273,426599,539527,0,0,0.6868,0.4487,426,539
2019,274,426599,539527,0,277.72,0.6868,0.4487,426,539
2019,275,426599,539527,284.84,278.22,0.6868,0.4487,426,539
2019,276,426599,539527,0,0,0.6868,0.4487,426,539
2019,277,426599,539527,0,0,0.6868,0.4487,426,539
2019,278,426599,539527,0,0,0.6868,0.4487,426,539
2019,279,426599,539527,0,0,0.6868,0.4487,426,539
2019,280,426599,539527,0,281,0.6868,0.4487,426,539
2019,281,426599,539527,286.4,280.56,0.6868,0.4487,426,539
2019,282,426599,539527,0,277.5,0.6868,0.4487,426,539
2019,283,426599,539527,0,282.1,0.6868,0.4487,426,539
2019,284,426599,539527,0,0,0.6868,0.4487,426,539
2019,285,426599,539527,0,0,0.6868,0.4487,426,539
2019,286,426599,539527,0,280.82,0.6868,0.4487,426,539
2019,287,426599,539527,0,0,0.6868,0.4487,426,539
2019,288,426599,539527,0,280.34,0.6868,0.4487,426,539
2019,289,426599,539527,0,276.38,0.6396,0.3187,426,539
2019,290,426599,539527,285.7,272.26,0.6396,0.3187,426,539
2019,291,426599,539527,0,0,0.6396,0.3187,426,539
2019,292,426599,539527,0,272.1,0.6396,0.3187,426,539
2019,293,426599,539527,0,0,0.6396,0.3187,426,539
2019,294,426599,539527,0,274.34,0.6396,0.3187,426,539
2019,295,426599,539527,0,0,0.6396,0.3187,426,539
2019,296,426599,539527,284,277.64,0.6396,0.3187,426,539
2019,297,426599,539527,0,0,0.6396,0.3187,426,539
2019,298,426599,539527,0,0,0.6396,0.3187,426,539
2019,299,426599,539527,0,273.68,0.6396,0.3187,426,539
2019,300,426599,539527,281.98,276.08,0.6396,0.3187,426,539
2019,301,426599,539527,281.38,274.24,0.6396,0.3187,426,539
2019,302,426599,539527,279.5,0,0.6396,0.3187,426,539
2019,303,426599,539527,281.46,272.86,0.6396,0.3187,426,539
2019,304,426599,539527,0,0,0.6396,0.3187,426,539
2019,305,426599,539527,0,0,0.5844,0.3192,426,539
2019,306,426599,539527,0,0,0.5844,0.3192,426,539
2019,307,426599,539527,0,0,0.5844,0.3192,426,539
2019,308,426599,539527,0,0,0.5844,0.3192,426,539
2019,309,426599,539527,0,275.82,0.5844,0.3192,426,539
2019,310,426599,539527,0,0,0.5844,0.3192,426,539
2019,311,426599,539527,0,0,0.5844,0.3192,426,539
2019,312,426599,539527,0,0,0.5844,0.3192,426,539
2019,313,426599,539527,0,0,0.5844,0.3192,426,539
2019,314,426599,539527,279.24,0,0.5844,0.3192,426,539
2019,315,426599,539527,0,0,0.5844,0.3192,426,539
2019,316,426599,539527,0,0,0.5844,0.3192,426,539
2019,317,426599,539527,0,271.24,0.5844,0.3192,426,539
2019,318,426599,539527,0,0,0.5844,0.3192,426,539
2019,319,426599,539527,0,266.46,0.5844,0.3192,426,539
2019,320,426599,539527,0,0,0.5844,0.3192,426,539
2019,321,426599,539527,0,275.94,0.5608,0.2456,426,539
2019,322,426599,539527,278.58,270.4,0.5608,0.2456,426,539
2019,323,426599,539527,0,0,0.5608,0.2456,426,539
2019,324,426599,539527,0,0,0.5608,0.2456,426,539
2019,325,426599,539527,0,0,0.5608,0.2456,426,539
2019,326,426599,539527,0,0,0.5608,0.2456,426,539
2019,327,426599,539527,0,0,0.5608,0.2456,426,539
2019,328,426599,539527,0,0,0.5608,0.2456,426,539
2019,329,426599,539527,0,0,0.5608,0.2456,426,539
2019,330,426599,539527,0,279.62,0.5608,0.2456,426,539
2019,331,426599,539527,0,0,0.5608,0.2456,426,539
2019,332,426599,539527,0,0,0.5608,0.2456,426,539
2019,333,426599,539527,277.42,270.34,0.5608,0.2456,426,539
2019,334,426599,539527,274.66,0,0.5608,0.2456,426,539
2019,335,426599,539527,274.34,270.48,0.5608,0.2456,426,539
2019,336,426599,539527,0,0,0.5608,0.2456,426,539
2019,337,426599,539527,278.74,274.94,0.4005,0.1758,426,539
2019,338,426599,539527,279.52,0,0.4005,0.1758,426,539
2019,339,426599,539527,0,0,0.4005,0.1758,426,539
2019,340,426599,539527,0,278.5,0.4005,0.1758,426,539
2019,341,426599,539527,0,0,0.4005,0.1758,426,539
2019,342,426599,539527,278.6,0,0.4005,0.1758,426,539
2019,343,426599,539527,277.4,270.58,0.4005,0.1758,426,539
2019,344,426599,539527,0,275.72,0.4005,0.1758,426,539
2019,345,426599,539527,273.88,271.78,0.4005,0.1758,426,539
2019,346,426599,539527,0,271.54,0.4005,0.1758,426,539
2019,347,426599,539527,275.86,273.4,0.4005,0.1758,426,539
2019,348,426599,539527,0,0,0.4005,0.1758,426,539
2019,349,426599,539527,275.84,272.76,0.4005,0.1758,426,539
2019,350,426599,539527,0,0,0.4005,0.1758,426,539
2019,351,426599,539527,0,271.36,0.4005,0.1758,426,539
2019,352,426599,539527,0,0,0.4005,0.1758,426,539
2019,353,426599,539527,0,275.26,0.4676,0.1995,426,539
2019,354,426599,539527,0,274.96,0.4676,0.1995,426,539
2019,355,426599,539527,0,0,0.4676,0.1995,426,539
2019,356,426599,539527,0,274.7,0.4676,0.1995,426,539
2019,357,426599,539527,274.98,0,0.4676,0.1995,426,539
2019,358,426599,539527,0,274.22,0.4676,0.1995,426,539
2019,359,426599,539527,275.92,0,0.4676,0.1995,426,539
2019,360,426599,539527,0,0,0.4676,0.1995,426,539
2019,361,426599,539527,0,0,0.4676,0.1995,426,539
2019,362,426599,539527,0,0,0.4676,0.1995,426,539
2019,363,426599,539527,0,0,0.4676,0.1995,426,539
2019,364,426599,539527,0,0,0.4676,0.1995,426,539
2019,365,426599,539527,274.02,273.26,0.4676,0.1995,426,539
2019,1,427555,538605,278.46,0,0.668,0.4255,427,538
2019,2,427555,538605,278.46,0,0.668,0.4255,427,538
2019,3,427555,538605,277.2,0,0.668,0.4255,427,538
2019,4,427555,538605,0,0,0.668,0.4255,427,538
2019,5,427555,538605,0,0,0.668,0.4255,427,538
2019,6,427555,538605,0,0,0.668,0.4255,427,538
2019,7,427555,538605,280.36,0,0.668,0.4255,427,538
2019,8,427555,538605,0,278.12,0.668,0.4255,427,538
2019,9,427555,538605,278.06,0,0.668,0.4255,427,538
2019,10,427555,538605,0,269.92,0.668,0.4255,427,538
2019,11,427555,538605,0,0,0.668,0.4255,427,538
2019,12,427555,538605,0,273.08,0.668,0.4255,427,538
2019,13,427555,538605,0,0,0.668,0.4255,427,538
2019,14,427555,538605,282.36,276.94,0.668,0.4255,427,538
2019,15,427555,538605,0,276.68,0.668,0.4255,427,538
2019,16,427555,538605,0,0,0.668,0.4255,427,538
2019,17,427555,538605,0,273.34,0.668,0.4255,427,538
2019,18,427555,538605,274.36,0,0.7859,0.4837,427,538
2019,19,427555,538605,273.38,0,0.7859,0.4837,427,538
2019,20,427555,538605,0,0,0.7859,0.4837,427,538
2019,21,427555,538605,276.94,0,0.7859,0.4837,427,538
2019,22,427555,538605,0,0,0.7859,0.4837,427,538
2019,23,427555,538605,274.26,268.08,0.7859,0.4837,427,538
2019,24,427555,538605,273.7,0,0.7859,0.4837,427,538
2019,25,427555,538605,274.88,269.02,0.7859,0.4837,427,538
2019,26,427555,538605,0,0,0.7859,0.4837,427,538
2019,27,427555,538605,0,0,0.7859,0.4837,427,538
2019,28,427555,538605,274.72,0,0.7859,0.4837,427,538
2019,29,427555,538605,275.38,271.18,0.7859,0.4837,427,538
2019,30,427555,538605,0,0,0.7859,0.4837,427,538
2019,31,427555,538605,274.04,268.46,0.7859,0.4837,427,538
2019,32,427555,538605,272.3,0,0.7859,0.4837,427,538
2019,33,427555,538605,0,0,0.7859,0.4837,427,538
2019,34,427555,538605,271.5,264.32,0.7421,0.5098,427,538
2019,35,427555,538605,0,0,0.7421,0.5098,427,538
2019,36,427555,538605,278.78,272.16,0.7421,0.5098,427,538
2019,37,427555,538605,0,273.94,0.7421,0.5098,427,538
2019,38,427555,538605,0,0,0.7421,0.5098,427,538
2019,39,427555,538605,0,273.1,0.7421,0.5098,427,538
2019,40,427555,538605,0,275.8,0.7421,0.5098,427,538
2019,41,427555,538605,279.8,272.8,0.7421,0.5098,427,538
2019,42,427555,538605,276.04,271.8,0.7421,0.5098,427,538
2019,43,427555,538605,0,0,0.7421,0.5098,427,538
2019,44,427555,538605,0,0,0.7421,0.5098,427,538
2019,45,427555,538605,0,0,0.7421,0.5098,427,538
2019,46,427555,538605,0,0,0.7421,0.5098,427,538
2019,47,427555,538605,281.94,0,0.7421,0.5098,427,538
2019,48,427555,538605,0,0,0.7421,0.5098,427,538
2019,49,427555,538605,0,276.46,0.7421,0.5098,427,538
2019,50,427555,538605,0,269.92,0.681,0.5116,427,538
2019,51,427555,538605,0,0,0.681,0.5116,427,538
2019,52,427555,538605,0,0,0.681,0.5116,427,538
2019,53,427555,538605,0,275.84,0.681,0.5116,427,538
2019,54,427555,538605,0,0,0.681,0.5116,427,538
2019,55,427555,538605,0,0,0.681,0.5116,427,538
2019,56,427555,538605,284.3,0,0.681,0.5116,427,538
2019,57,427555,538605,0,274.24,0.681,0.5116,427,538
2019,58,427555,538605,287.06,276.32,0.681,0.5116,427,538
2019,59,427555,538605,285.54,275.8,0.681,0.5116,427,538
2019,60,427555,538605,0,0,0.681,0.5116,427,538
2019,61,427555,538605,0,0,0.681,0.5116,427,538
2019,62,427555,538605,285.06,277.28,0.681,0.5116,427,538
2019,63,427555,538605,0,0,0.681,0.5116,427,538
2019,64,427555,538605,0,0,0.681,0.5116,427,538
2019,65,427555,538605,0,0,0.681,0.5116,427,538
2019,66,427555,538605,0,276.68,0.8134,0.5486,427,538
2019,67,427555,538605,0,273.38,0.8134,0.5486,427,538
2019,68,427555,538605,0,277.42,0.8134,0.5486,427,538
2019,69,427555,538605,278.68,0,0.8134,0.5486,427,538
2019,70,427555,538605,0,273.02,0.8134,0.5486,427,538
2019,71,427555,538605,281.36,0,0.8134,0.5486,427,538
2019,72,427555,538605,0,0,0.8134,0.5486,427,538
2019,73,427555,538605,282,0,0.8134,0.5486,427,538
2019,74,427555,538605,284.08,0,0.8134,0.5486,427,538
2019,75,427555,538605,282.64,0,0.8134,0.5486,427,538
2019,76,427555,538605,0,275.12,0.8134,0.5486,427,538
2019,77,427555,538605,281.16,274.86,0.8134,0.5486,427,538
2019,78,427555,538605,0,0,0.8134,0.5486,427,538
2019,79,427555,538605,0,0,0.8134,0.5486,427,538
2019,80,427555,538605,0,281.56,0.8134,0.5486,427,538
2019,81,427555,538605,286.8,0,0.8134,0.5486,427,538
2019,82,427555,538605,0,0,0.8208,0.6179,427,538
2019,83,427555,538605,0,0,0.8208,0.6179,427,538
2019,84,427555,538605,282.72,276.46,0.8208,0.6179,427,538
2019,85,427555,538605,287.02,0,0.8208,0.6179,427,538
2019,86,427555,538605,0,0,0.8208,0.6179,427,538
2019,87,427555,538605,0,276.06,0.8208,0.6179,427,538
2019,88,427555,538605,288.16,276.34,0.8208,0.6179,427,538
2019,89,427555,538605,288.8,275.56,0.8208,0.6179,427,538
2019,90,427555,538605,0,0,0.8208,0.6179,427,538
2019,91,427555,538605,0,272.78,0.8208,0.6179,427,538
2019,92,427555,538605,0,0,0.8208,0.6179,427,538
2019,93,427555,538605,0,273.5,0.8208,0.6179,427,538
2019,94,427555,538605,0,0,0.8208,0.6179,427,538
2019,95,427555,538605,0,0,0.8208,0.6179,427,538
2019,96,427555,538605,0,0,0.8208,0.6179,427,538
2019,97,427555,538605,0,0,0.8208,0.6179,427,538
2019,98,427555,538605,0,0,0.8436,0.6254,427,538
2019,99,427555,538605,0,276.7,0.8436,0.6254,427,538
2019,100,427555,538605,0,0,0.8436,0.6254,427,538
2019,101,427555,538605,0,271.76,0.8436,0.6254,427,538
2019,102,427555,538605,286.2,0,0.8436,0.6254,427,538
2019,103,427555,538605,0,271.04,0.8436,0.6254,427,538
2019,104,427555,538605,282.74,271.34,0.8436,0.6254,427,538
2019,105,427555,538605,0,0,0.8436,0.6254,427,538
2019,106,427555,538605,284.06,0,0.8436,0.6254,427,538
2019,107,427555,538605,0,0,0.8436,0.6254,427,538
2019,108,427555,538605,289.92,0,0.8436,0.6254,427,538
2019,109,427555,538605,0,0,0.8436,0.6254,427,538
2019,110,427555,538605,294.2,0,0.8436,0.6254,427,538
2019,111,427555,538605,292.5,0,0.8436,0.6254,427,538
2019,112,427555,538605,295.72,280.08,0.8436,0.6254,427,538
2019,113,427555,538605,294.4,278.94,0.8436,0.6254,427,538
2019,114,427555,538605,0,277.38,0.2385,0.2285,427,538
2019,115,427555,538605,0,0,0.2385,0.2285,427,538
2019,116,427555,538605,0,279,0.2385,0.2285,427,538
2019,117,427555,538605,0,0,0.2385,0.2285,427,538
2019,118,427555,538605,0,0,0.2385,0.2285,427,538
2019,119,427555,538605,0,275.88,0.2385,0.2285,427,538
2019,120,427555,538605,0,278.46,0.2385,0.2285,427,538
2019,121,427555,538605,0,0,0.2385,0.2285,427,538
2019,122,427555,538605,0,0,0.2385,0.2285,427,538
2019,123,427555,538605,0,0,0.2385,0.2285,427,538
2019,124,427555,538605,0,272.6,0.2385,0.2285,427,538
2019,125,427555,538605,0,0,0.2385,0.2285,427,538
2019,126,427555,538605,0,272.94,0.2385,0.2285,427,538
2019,127,427555,538605,0,0,0.2385,0.2285,427,538
2019,128,427555,538605,0,0,0.2385,0.2285,427,538
2019,129,427555,538605,0,0,0.2385,0.2285,427,538
2019,130,427555,538605,0,0,0.8955,0.7456,427,538
2019,131,427555,538605,0,0,0.8955,0.7456,427,538
2019,132,427555,538605,0,276.1,0.8955,0.7456,427,538
2019,133,427555,538605,292.52,278.72,0.8955,0.7456,427,538
2019,134,427555,538605,289.18,0,0.8955,0.7456,427,538
2019,135,427555,538605,295.42,280.76,0.8955,0.7456,427,538
2019,136,427555,538605,295.16,0,0.8955,0.7456,427,538
2019,137,427555,538605,289.38,0,0.8955,0.7456,427,538
2019,138,427555,538605,0,0,0.8955,0.7456,427,538
2019,139,427555,538605,0,0,0.8955,0.7456,427,538
2019,140,427555,538605,0,0,0.8955,0.7456,427,538
2019,141,427555,538605,0,280.48,0.8955,0.7456,427,538
2019,142,427555,538605,0,278.32,0.8955,0.7456,427,538
2019,143,427555,538605,292.46,281.54,0.8955,0.7456,427,538
2019,144,427555,538605,289.38,280.74,0.8955,0.7456,427,538
2019,145,427555,538605,291.42,0,0.8955,0.7456,427,538
2019,146,427555,538605,0,0,0.5698,0.5033,427,538
2019,147,427555,538605,0,279.54,0.5698,0.5033,427,538
2019,148,427555,538605,0,0,0.5698,0.5033,427,538
2019,149,427555,538605,0,277.14,0.5698,0.5033,427,538
2019,150,427555,538605,0,0,0.5698,0.5033,427,538
2019,151,427555,538605,0,0,0.5698,0.5033,427,538
2019,152,427555,538605,0,278.14,0.5698,0.5033,427,538
2019,153,427555,538605,0,0,0.5698,0.5033,427,538
2019,154,427555,538605,0,0,0.5698,0.5033,427,538
2019,155,427555,538605,0,0,0.5698,0.5033,427,538
2019,156,427555,538605,0,0,0.5698,0.5033,427,538
2019,157,427555,538605,0,0,0.5698,0.5033,427,538
2019,158,427555,538605,0,279.12,0.5698,0.5033,427,538
2019,159,427555,538605,0,0,0.5698,0.5033,427,538
2019,160,427555,538605,0,0,0.5698,0.5033,427,538
2019,161,427555,538605,282.78,278.18,0.5698,0.5033,427,538
2019,162,427555,538605,292.54,0,0.8952,0.6849,427,538
2019,163,427555,538605,0,0,0.8952,0.6849,427,538
2019,164,427555,538605,0,0,0.8952,0.6849,427,538
2019,165,427555,538605,0,0,0.8952,0.6849,427,538
2019,166,427555,538605,0,0,0.8952,0.6849,427,538
2019,167,427555,538605,0,0,0.8952,0.6849,427,538
2019,168,427555,538605,0,0,0.8952,0.6849,427,538
2019,169,427555,538605,0,281.88,0.8952,0.6849,427,538
2019,170,427555,538605,0,0,0.8952,0.6849,427,538
2019,171,427555,538605,290.6,281.82,0.8952,0.6849,427,538
2019,172,427555,538605,0,281.92,0.8952,0.6849,427,538
2019,173,427555,538605,292.04,281.08,0.8952,0.6849,427,538
2019,174,427555,538605,0,0,0.8952,0.6849,427,538
2019,175,427555,538605,0,0,0.8952,0.6849,427,538
2019,176,427555,538605,0,0,0.8952,0.6849,427,538
2019,177,427555,538605,0,0,0.8952,0.6849,427,538
2019,178,427555,538605,0,279.68,0.8718,0.6562,427,538
2019,179,427555,538605,297.38,283.14,0.8718,0.6562,427,538
2019,180,427555,538605,289.98,285.8,0.8718,0.6562,427,538
2019,181,427555,538605,293.94,0,0.8718,0.6562,427,538
2019,182,427555,538605,294.36,0,0.8718,0.6562,427,538
2019,183,427555,538605,292.84,284.06,0.8718,0.6562,427,538
2019,184,427555,538605,0,284.94,0.8718,0.6562,427,538
2019,185,427555,538605,294.32,285.14,0.8718,0.6562,427,538
2019,186,427555,538605,0,0,0.8718,0.6562,427,538
2019,187,427555,538605,0,0,0.8718,0.6562,427,538
2019,188,427555,538605,293.22,0,0.8718,0.6562,427,538
2019,189,427555,538605,0,280.52,0.8718,0.6562,427,538
2019,190,427555,538605,0,0,0.8718,0.6562,427,538
2019,191,427555,538605,0,0,0.8718,0.6562,427,538
2019,192,427555,538605,0,0,0.8718,0.6562,427,538
2019,193,427555,538605,0,284.84,0.8718,0.6562,427,538
2019,194,427555,538605,0,0,0.7655,0.5671,427,538
2019,195,427555,538605,0,0,0.7655,0.5671,427,538
2019,196,427555,538605,0,282.9,0.7655,0.5671,427,538
2019,197,427555,538605,292.88,283.68,0.7655,0.5671,427,538
2019,198,427555,538605,0,0,0.7655,0.5671,427,538
2019,199,427555,538605,0,0,0.7655,0.5671,427,538
2019,200,427555,538605,0,285.22,0.7655,0.5671,427,538
2019,201,427555,538605,0,0,0.7655,0.5671,427,538
2019,202,427555,538605,0,284.78,0.7655,0.5671,427,538
2019,203,427555,538605,0,0,0.7655,0.5671,427,538
2019,204,427555,538605,0,288.76,0.7655,0.5671,427,538
2019,205,427555,538605,299.28,0,0.7655,0.5671,427,538
2019,206,427555,538605,298.46,0,0.7655,0.5671,427,538
2019,207,427555,538605,301.8,0,0.7655,0.5671,427,538
2019,208,427555,538605,0,0,0.7655,0.5671,427,538
2019,209,427555,538605,0,0,0.7655,0.5671,427,538
2019,210,427555,538605,0,284.24,0.7974,0.5742,427,538
2019,211,427555,538605,0,285.08,0.7974,0.5742,427,538
2019,212,427555,538605,0,0,0.7974,0.5742,427,538
2019,213,427555,538605,0,285.58,0.7974,0.5742,427,538
2019,214,427555,538605,0,0,0.7974,0.5742,427,538
2019,215,427555,538605,0,285.2,0.7974,0.5742,427,538
2019,216,427555,538605,0,0,0.7974,0.5742,427,538
2019,217,427555,538605,0,0,0.7974,0.5742,427,538
2019,218,427555,538605,0,285.74,0.7974,0.5742,427,538
2019,219,427555,538605,0,0,0.7974,0.5742,427,538
2019,220,427555,538605,293,283.38,0.7974,0.5742,427,538
2019,221,427555,538605,0,0,0.7974,0.5742,427,538
2019,222,427555,538605,0,0,0.7974,0.5742,427,538
2019,223,427555,538605,0,0,0.7974,0.5742,427,538
2019,224,427555,538605,0,0,0.7974,0.5742,427,538
2019,225,427555,538605,0,281.26,0.7974,0.5742,427,538
2019,226,427555,538605,286.3,281.24,0.8028,0.5841,427,538
2019,227,427555,538605,0,0,0.8028,0.5841,427,538
2019,228,427555,538605,288.34,0,0.8028,0.5841,427,538
2019,229,427555,538605,0,287.38,0.8028,0.5841,427,538
2019,230,427555,538605,0,285.62,0.8028,0.5841,427,538
2019,231,427555,538605,0,283.64,0.8028,0.5841,427,538
2019,232,427555,538605,0,0,0.8028,0.5841,427,538
2019,233,427555,538605,0,280.68,0.8028,0.5841,427,538
2019,234,427555,538605,0,0,0.8028,0.5841,427,538
2019,235,427555,538605,0,0,0.8028,0.5841,427,538
2019,236,427555,538605,0,0,0.8028,0.5841,427,538
2019,237,427555,538605,0,284.52,0.8028,0.5841,427,538
2019,238,427555,538605,299.24,286.2,0.8028,0.5841,427,538
2019,239,427555,538605,300,287.46,0.8028,0.5841,427,538
2019,240,427555,538605,297.54,0,0.8028,0.5841,427,538
2019,241,427555,538605,0,282.38,0.8028,0.5841,427,538
2019,242,427555,538605,0,0,0.8082,0.5995,427,538
2019,243,427555,538605,0,0,0.8082,0.5995,427,538
2019,244,427555,538605,289.96,281.52,0.8082,0.5995,427,538
2019,245,427555,538605,292.98,0,0.8082,0.5995,427,538
2019,246,427555,538605,0,0,0.8082,0.5995,427,538
2019,247,427555,538605,0,0,0.8082,0.5995,427,538
2019,248,427555,538605,0,282.72,0.8082,0.5995,427,538
2019,249,427555,538605,0,0,0.8082,0.5995,427,538
2019,250,427555,538605,0,283.28,0.8082,0.5995,427,538
2019,251,427555,538605,0,277.06,0.8082,0.5995,427,538
2019,252,427555,538605,291.42,0,0.8082,0.5995,427,538
2019,253,427555,538605,0,281.9,0.8082,0.5995,427,538
2019,254,427555,538605,0,0,0.8082,0.5995,427,538
2019,255,427555,538605,290.74,0,0.8082,0.5995,427,538
2019,256,427555,538605,0,282.66,0.8082,0.5995,427,538
2019,257,427555,538605,0,0,0.8082,0.5995,427,538
2019,258,427555,538605,0,0,0.7729,0.5674,427,538
2019,259,427555,538605,0,276.9,0.7729,0.5674,427,538
2019,260,427555,538605,286.8,0,0.7729,0.5674,427,538
2019,261,427555,538605,0,275.3,0.7729,0.5674,427,538
2019,262,427555,538605,0,0,0.7729,0.5674,427,538
2019,263,427555,538605,294.08,0,0.7729,0.5674,427,538
2019,264,427555,538605,291.86,283.58,0.7729,0.5674,427,538
2019,265,427555,538605,294.52,281.04,0.7729,0.5674,427,538
2019,266,427555,538605,0,0,0.7729,0.5674,427,538
2019,267,427555,538605,288.82,0,0.7729,0.5674,427,538
2019,268,427555,538605,0,0,0.7729,0.5674,427,538
2019,269,427555,538605,0,0,0.7729,0.5674,427,538
2019,270,427555,538605,290.08,0,0.7729,0.5674,427,538
2019,271,427555,538605,0,282.18,0.7729,0.5674,427,538
2019,272,427555,538605,0,0,0.7729,0.5674,427,538
2019,273,427555,538605,0,277.06,0.7729,0.5674,427,538
2019,274,427555,538605,0,0,0.7643,0.5902,427,538
2019,275,427555,538605,0,277.66,0.7643,0.5902,427,538
2019,276,427555,538605,284.74,278.28,0.7643,0.5902,427,538
2019,277,427555,538605,0,0,0.7643,0.5902,427,538
2019,278,427555,538605,0,0,0.7643,0.5902,427,538
2019,279,427555,538605,0,0,0.7643,0.5902,427,538
2019,280,427555,538605,0,0,0.7643,0.5902,427,538
2019,281,427555,538605,0,281.46,0.7643,0.5902,427,538
2019,282,427555,538605,286.38,280.84,0.7643,0.5902,427,538
2019,283,427555,538605,0,0,0.7643,0.5902,427,538
2019,284,427555,538605,0,0,0.7643,0.5902,427,538
2019,285,427555,538605,0,0,0.7643,0.5902,427,538
2019,286,427555,538605,0,0,0.7643,0.5902,427,538
2019,287,427555,538605,0,281.02,0.7643,0.5902,427,538
2019,288,427555,538605,0,0,0.7643,0.5902,427,538
2019,289,427555,538605,0,0,0.7643,0.5902,427,538
2019,290,427555,538605,0,276.68,0.7778,0.4813,427,538
2019,291,427555,538605,285.12,272.32,0.7778,0.4813,427,538
2019,292,427555,538605,0,277.36,0.7778,0.4813,427,538
2019,293,427555,538605,0,0,0.7778,0.4813,427,538
2019,294,427555,538605,0,0,0.7778,0.4813,427,538
2019,295,427555,538605,0,274.74,0.7778,0.4813,427,538
2019,296,427555,538605,0,0,0.7778,0.4813,427,538
2019,297,427555,538605,282.12,277.7,0.7778,0.4813,427,538
2019,298,427555,538605,0,0,0.7778,0.4813,427,538
2019,299,427555,538605,0,0,0.7778,0.4813,427,538
2019,300,427555,538605,0,274.34,0.7778,0.4813,427,538
2019,301,427555,538605,281.94,276.36,0.7778,0.4813,427,538
2019,302,427555,538605,281.2,273.72,0.7778,0.4813,427,538
2019,303,427555,538605,279.62,0,0.7778,0.4813,427,538
2019,304,427555,538605,281.1,273.02,0.7778,0.4813,427,538
2019,305,427555,538605,0,0,0.7778,0.4813,427,538
2019,306,427555,538605,0,0,0.6733,0.3972,427,538
2019,307,427555,538605,0,0,0.6733,0.3972,427,538
2019,308,427555,538605,0,0,0.6733,0.3972,427,538
2019,309,427555,538605,0,0,0.6733,0.3972,427,538
2019,310,427555,538605,0,276.24,0.6733,0.3972,427,538
2019,311,427555,538605,0,0,0.6733,0.3972,427,538
2019,312,427555,538605,0,0,0.6733,0.3972,427,538
2019,313,427555,538605,0,268.28,0.6733,0.3972,427,538
2019,314,427555,538605,0,0,0.6733,0.3972,427,538
2019,315,427555,538605,278.5,0,0.6733,0.3972,427,538
2019,316,427555,538605,0,0,0.6733,0.3972,427,538
2019,317,427555,538605,0,0,0.6733,0.3972,427,538
2019,318,427555,538605,0,271.36,0.6733,0.3972,427,538
2019,319,427555,538605,0,0,0.6733,0.3972,427,538
2019,320,427555,538605,0,266.46,0.6733,0.3972,427,538
2019,321,427555,538605,0,0,0.6733,0.3972,427,538
2019,322,427555,538605,0,275.86,0.7088,0.3453,427,538
2019,323,427555,538605,278.32,270.7,0.7088,0.3453,427,538
2019,324,427555,538605,0,0,0.7088,0.3453,427,538
2019,325,427555,538605,0,0,0.7088,0.3453,427,538
2019,326,427555,538605,0,0,0.7088,0.3453,427,538
2019,327,427555,538605,0,0,0.7088,0.3453,427,538
2019,328,427555,538605,0,0,0.7088,0.3453,427,538
2019,329,427555,538605,0,0,0.7088,0.3453,427,538
2019,330,427555,538605,0,0,0.7088,0.3453,427,538
2019,331,427555,538605,0,280.14,0.7088,0.3453,427,538
2019,332,427555,538605,0,0,0.7088,0.3453,427,538
2019,333,427555,538605,0,0,0.7088,0.3453,427,538
2019,334,427555,538605,276.98,270.6,0.7088,0.3453,427,538
2019,335,427555,538605,274.44,0,0.7088,0.3453,427,538
2019,336,427555,538605,274.02,270.68,0.7088,0.3453,427,538
2019,337,427555,538605,0,0,0.7088,0.3453,427,538
2019,338,427555,538605,278.74,275.92,0.6705,0.4104,427,538
2019,339,427555,538605,279.44,0,0.6705,0.4104,427,538
2019,340,427555,538605,0,0,0.6705,0.4104,427,538
2019,341,427555,538605,0,278.42,0.6705,0.4104,427,538
2019,342,427555,538605,0,0,0.6705,0.4104,427,538
2019,343,427555,538605,279.2,0,0.6705,0.4104,427,538
2019,344,427555,538605,277.24,271.7,0.6705,0.4104,427,538
2019,345,427555,538605,0,275.8,0.6705,0.4104,427,538
2019,346,427555,538605,273.78,272.64,0.6705,0.4104,427,538
2019,347,427555,538605,0,0,0.6705,0.4104,427,538
2019,348,427555,538605,276.38,0,0.6705,0.4104,427,538
2019,349,427555,538605,0,0,0.6705,0.4104,427,538
2019,350,427555,538605,275.64,272.94,0.6705,0.4104,427,538
2019,351,427555,538605,0,0,0.6705,0.4104,427,538
2019,352,427555,538605,0,272.5,0.6705,0.4104,427,538
2019,353,427555,538605,0,0,0.6705,0.4104,427,538
2019,354,427555,538605,0,275.6,0.6701,0.3496,427,538
2019,355,427555,538605,0,275.08,0.6701,0.3496,427,538
2019,356,427555,538605,0,0,0.6701,0.3496,427,538
2019,357,427555,538605,0,274.12,0.6701,0.3496,427,538
2019,358,427555,538605,275.04,0,0.6701,0.3496,427,538
2019,359,427555,538605,0,0,0.6701,0.3496,427,538
2019,360,427555,538605,0,0,0.6701,0.3496,427,538
2019,361,427555,538605,0,0,0.6701,0.3496,427,538
2019,362,427555,538605,0,0,0.6701,0.3496,427,538
2019,363,427555,538605,0,0,0.6701,0.3496,427,538
2019,364,427555,538605,0,0,0.6701,0.3496,427,538
2019,365,427555,538605,0,0,0.6701,0.3496,427,538
2019,366,427555,538605,273.34,273.44,0.6701,0.3496,427,538
2019,0,427528,539532,278.6,0,0.5259,0.2682,427,539
2019,1,427528,539532,278.6,0,0.5259,0.2682,427,539
2019,2,427528,539532,276.94,0,0.5259,0.2682,427,539
2019,3,427528,539532,0,0,0.5259,0.2682,427,539
2019,4,427528,539532,0,0,0.5259,0.2682,427,539
2019,5,427528,539532,0,0,0.5259,0.2682,427,539
2019,6,427528,539532,280.44,0,0.5259,0.2682,427,539
2019,7,427528,539532,0,277.98,0.5259,0.2682,427,539
2019,8,427528,539532,278.4,0,0.5259,0.2682,427,539
2019,9,427528,539532,0,269.96,0.5259,0.2682,427,539
2019,10,427528,539532,0,0,0.5259,0.2682,427,539
2019,11,427528,539532,0,273.3,0.5259,0.2682,427,539
2019,12,427528,539532,0,0,0.5259,0.2682,427,539
2019,13,427528,539532,281.84,276.74,0.5259,0.2682,427,539
2019,14,427528,539532,0,0,0.5259,0.2682,427,539
2019,15,427528,539532,0,0,0.5259,0.2682,427,539
2019,16,427528,539532,0,273.58,0.5259,0.2682,427,539
2019,17,427528,539532,274.46,0,0.6731,0.3096,427,539
2019,18,427528,539532,273.78,0,0.6731,0.3096,427,539
2019,19,427528,539532,0,0,0.6731,0.3096,427,539
2019,20,427528,539532,277.36,271.44,0.6731,0.3096,427,539
2019,21,427528,539532,0,0,0.6731,0.3096,427,539
2019,22,427528,539532,274.58,268.24,0.6731,0.3096,427,539
2019,23,427528,539532,273.68,0,0.6731,0.3096,427,539
2019,24,427528,539532,274.78,269.02,0.6731,0.3096,427,539
2019,25,427528,539532,0,0,0.6731,0.3096,427,539
2019,26,427528,539532,0,0,0.6731,0.3096,427,539
2019,27,427528,539532,274.72,0,0.6731,0.3096,427,539
2019,28,427528,539532,275.3,271.12,0.6731,0.3096,427,539
2019,29,427528,539532,0,0,0.6731,0.3096,427,539
2019,30,427528,539532,273.92,269.18,0.6731,0.3096,427,539
2019,31,427528,539532,272.54,0,0.6731,0.3096,427,539
2019,32,427528,539532,270.2,0,0.6731,0.3096,427,539
2019,33,427528,539532,271.64,265.54,0.5434,0.2873,427,539
2019,34,427528,539532,0,0,0.5434,0.2873,427,539
2019,35,427528,539532,277.32,272.42,0.5434,0.2873,427,539
2019,36,427528,539532,0,274.02,0.5434,0.2873,427,539
2019,37,427528,539532,0,0,0.5434,0.2873,427,539
2019,38,427528,539532,0,273.1,0.5434,0.2873,427,539
2019,39,427528,539532,0,275.46,0.5434,0.2873,427,539
2019,40,427528,539532,279.84,272.84,0.5434,0.2873,427,539
2019,41,427528,539532,276.04,271.86,0.5434,0.2873,427,539
2019,42,427528,539532,0,0,0.5434,0.2873,427,539
2019,43,427528,539532,0,0,0.5434,0.2873,427,539
2019,44,427528,539532,0,0,0.5434,0.2873,427,539
2019,45,427528,539532,0,0,0.5434,0.2873,427,539
2019,46,427528,539532,281.88,0,0.5434,0.2873,427,539
2019,47,427528,539532,0,0,0.5434,0.2873,427,539
2019,48,427528,539532,0,276.16,0.5434,0.2873,427,539
2019,49,427528,539532,0,269.92,0.6037,0.343,427,539
2019,50,427528,539532,0,0,0.6037,0.343,427,539
2019,51,427528,539532,0,0,0.6037,0.343,427,539
2019,52,427528,539532,0,276.04,0.6037,0.343,427,539
2019,53,427528,539532,0,0,0.6037,0.343,427,539
2019,54,427528,539532,0,0,0.6037,0.343,427,539
2019,55,427528,539532,284.02,0,0.6037,0.343,427,539
2019,56,427528,539532,0,274.38,0.6037,0.343,427,539
2019,57,427528,539532,286.98,276.66,0.6037,0.343,427,539
2019,58,427528,539532,285.46,276.24,0.6037,0.343,427,539
2019,59,427528,539532,0,0,0.6037,0.343,427,539
2019,60,427528,539532,0,0,0.6037,0.343,427,539
2019,61,427528,539532,0,277.42,0.6037,0.343,427,539
2019,62,427528,539532,0,0,0.6037,0.343,427,539
2019,63,427528,539532,0,0,0.6037,0.343,427,539
2019,64,427528,539532,0,0,0.6037,0.343,427,539
2019,65,427528,539532,0,276.7,0.5913,0.3082,427,539
2019,66,427528,539532,0,273.3,0.5913,0.3082,427,539
2019,67,427528,539532,0,277.38,0.5913,0.3082,427,539
2019,68,427528,539532,278.7,0,0.5913,0.3082,427,539
2019,69,427528,539532,0,0,0.5913,0.3082,427,539
2019,70,427528,539532,281.48,0,0.5913,0.3082,427,539
2019,71,427528,539532,0,0,0.5913,0.3082,427,539
2019,72,427528,539532,281.72,0,0.5913,0.3082,427,539
2019,73,427528,539532,284.34,0,0.5913,0.3082,427,539
2019,74,427528,539532,282.88,0,0.5913,0.3082,427,539
2019,75,427528,539532,0,274.84,0.5913,0.3082,427,539
2019,76,427528,539532,281.24,274.78,0.5913,0.3082,427,539
2019,77,427528,539532,0,0,0.5913,0.3082,427,539
2019,78,427528,539532,0,0,0.5913,0.3082,427,539
2019,79,427528,539532,283,281.54,0.5913,0.3082,427,539
2019,80,427528,539532,288.2,0,0.5913,0.3082,427,539
2019,81,427528,539532,0,0,0.6219,0.3911,427,539
2019,82,427528,539532,0,0,0.6219,0.3911,427,539
2019,83,427528,539532,283.16,276.2,0.6219,0.3911,427,539
2019,84,427528,539532,286.94,0,0.6219,0.3911,427,539
2019,85,427528,539532,0,0,0.6219,0.3911,427,539
2019,86,427528,539532,282.56,276.38,0.6219,0.3911,427,539
2019,87,427528,539532,288.9,276.5,0.6219,0.3911,427,539
2019,88,427528,539532,289.1,275.66,0.6219,0.3911,427,539
2019,89,427528,539532,0,0,0.6219,0.3911,427,539
2019,90,427528,539532,0,272.92,0.6219,0.3911,427,539
2019,91,427528,539532,0,0,0.6219,0.3911,427,539
2019,92,427528,539532,0,274.38,0.6219,0.3911,427,539
2019,93,427528,539532,0,0,0.6219,0.3911,427,539
2019,94,427528,539532,0,0,0.6219,0.3911,427,539
2019,95,427528,539532,283.58,0,0.6219,0.3911,427,539
2019,96,427528,539532,0,0,0.6219,0.3911,427,539
2019,97,427528,539532,0,0,0.7007,0.4505,427,539
2019,98,427528,539532,0,276.7,0.7007,0.4505,427,539
2019,99,427528,539532,0,0,0.7007,0.4505,427,539
2019,100,427528,539532,0,271.96,0.7007,0.4505,427,539
2019,101,427528,539532,286.14,0,0.7007,0.4505,427,539
2019,102,427528,539532,0,271.44,0.7007,0.4505,427,539
2019,103,427528,539532,282.96,0,0.7007,0.4505,427,539
2019,104,427528,539532,0,0,0.7007,0.4505,427,539
2019,105,427528,539532,284.42,0,0.7007,0.4505,427,539
2019,106,427528,539532,0,0,0.7007,0.4505,427,539
2019,107,427528,539532,290.2,0,0.7007,0.4505,427,539
2019,108,427528,539532,0,0,0.7007,0.4505,427,539
2019,109,427528,539532,294.52,0,0.7007,0.4505,427,539
2019,110,427528,539532,293.92,281.62,0.7007,0.4505,427,539
2019,111,427528,539532,296.16,280.62,0.7007,0.4505,427,539
2019,112,427528,539532,294.9,279.22,0.7007,0.4505,427,539
2019,113,427528,539532,0,278.06,0.7299,0.5349,427,539
2019,114,427528,539532,0,0,0.7299,0.5349,427,539
2019,115,427528,539532,0,279.06,0.7299,0.5349,427,539
2019,116,427528,539532,0,0,0.7299,0.5349,427,539
2019,117,427528,539532,0,0,0.7299,0.5349,427,539
2019,118,427528,539532,0,276.34,0.7299,0.5349,427,539
2019,119,427528,539532,0,278.44,0.7299,0.5349,427,539
2019,120,427528,539532,0,0,0.7299,0.5349,427,539
2019,121,427528,539532,0,0,0.7299,0.5349,427,539
2019,122,427528,539532,0,0,0.7299,0.5349,427,539
2019,123,427528,539532,0,273.34,0.7299,0.5349,427,539
2019,124,427528,539532,0,0,0.7299,0.5349,427,539
2019,125,427528,539532,0,273.18,0.7299,0.5349,427,539
2019,126,427528,539532,0,0,0.7299,0.5349,427,539
2019,127,427528,539532,0,0,0.7299,0.5349,427,539
2019,128,427528,539532,0,0,0.7299,0.5349,427,539
2019,129,427528,539532,0,0,0.8402,0.5737,427,539
2019,130,427528,539532,0,272.46,0.8402,0.5737,427,539
2019,131,427528,539532,288.14,277,0.8402,0.5737,427,539
2019,132,427528,539532,292.38,278.72,0.8402,0.5737,427,539
2019,133,427528,539532,289.88,0,0.8402,0.5737,427,539
2019,134,427528,539532,295.48,281.28,0.8402,0.5737,427,539
2019,135,427528,539532,295.28,0,0.8402,0.5737,427,539
2019,136,427528,539532,290.12,0,0.8402,0.5737,427,539
2019,137,427528,539532,0,0,0.8402,0.5737,427,539
2019,138,427528,539532,0,0,0.8402,0.5737,427,539
2019,139,427528,539532,0,0,0.8402,0.5737,427,539
2019,140,427528,539532,290.12,280.58,0.8402,0.5737,427,539
2019,141,427528,539532,0,278.62,0.8402,0.5737,427,539
2019,142,427528,539532,292.72,282.02,0.8402,0.5737,427,539
2019,143,427528,539532,289.12,280.78,0.8402,0.5737,427,539
2019,144,427528,539532,291.42,0,0.8402,0.5737,427,539
2019,145,427528,539532,0,0,0.5044,0.5227,427,539
2019,146,427528,539532,289.42,279.72,0.5044,0.5227,427,539
2019,147,427528,539532,0,0,0.5044,0.5227,427,539
2019,148,427528,539532,0,277.54,0.5044,0.5227,427,539
2019,149,427528,539532,0,0,0.5044,0.5227,427,539
2019,150,427528,539532,0,0,0.5044,0.5227,427,539
2019,151,427528,539532,0,0,0.5044,0.5227,427,539
2019,152,427528,539532,0,0,0.5044,0.5227,427,539
2019,153,427528,539532,0,0,0.5044,0.5227,427,539
2019,154,427528,539532,0,0,0.5044,0.5227,427,539
2019,155,427528,539532,0,0,0.5044,0.5227,427,539
2019,156,427528,539532,0,0,0.5044,0.5227,427,539
2019,157,427528,539532,0,279.26,0.5044,0.5227,427,539
2019,158,427528,539532,0,0,0.5044,0.5227,427,539
2019,159,427528,539532,0,0,0.5044,0.5227,427,539
2019,160,427528,539532,282.78,0,0.5044,0.5227,427,539
2019,161,427528,539532,292.72,0,0.9006,0.6871,427,539
2019,162,427528,539532,0,0,0.9006,0.6871,427,539
2019,163,427528,539532,0,0,0.9006,0.6871,427,539
2019,164,427528,539532,0,0,0.9006,0.6871,427,539
2019,165,427528,539532,0,0,0.9006,0.6871,427,539
2019,166,427528,539532,0,0,0.9006,0.6871,427,539
2019,167,427528,539532,0,0,0.9006,0.6871,427,539
2019,168,427528,539532,0,282.16,0.9006,0.6871,427,539
2019,169,427528,539532,0,0,0.9006,0.6871,427,539
2019,170,427528,539532,290.66,282.02,0.9006,0.6871,427,539
2019,171,427528,539532,0,282.18,0.9006,0.6871,427,539
2019,172,427528,539532,0,281.74,0.9006,0.6871,427,539
2019,173,427528,539532,0,0,0.9006,0.6871,427,539
2019,174,427528,539532,0,0,0.9006,0.6871,427,539
2019,175,427528,539532,0,0,0.9006,0.6871,427,539
2019,176,427528,539532,0,0,0.9006,0.6871,427,539
2019,177,427528,539532,0,280.12,0.8706,0.6085,427,539
2019,178,427528,539532,296.76,283.56,0.8706,0.6085,427,539
2019,179,427528,539532,289.64,286.22,0.8706,0.6085,427,539
2019,180,427528,539532,0,0,0.8706,0.6085,427,539
2019,181,427528,539532,293,0,0.8706,0.6085,427,539
2019,182,427528,539532,293.92,284.26,0.8706,0.6085,427,539
2019,183,427528,539532,0,284.98,0.8706,0.6085,427,539
2019,184,427528,539532,294.32,284.82,0.8706,0.6085,427,539
2019,185,427528,539532,0,0,0.8706,0.6085,427,539
2019,186,427528,539532,0,0,0.8706,0.6085,427,539
2019,187,427528,539532,293.34,0,0.8706,0.6085,427,539
2019,188,427528,539532,0,281.22,0.8706,0.6085,427,539
2019,189,427528,539532,0,0,0.8706,0.6085,427,539
2019,190,427528,539532,0,0,0.8706,0.6085,427,539
2019,191,427528,539532,0,0,0.8706,0.6085,427,539
2019,192,427528,539532,0,284.9,0.8706,0.6085,427,539
2019,193,427528,539532,0,0,0.7185,0.4822,427,539
2019,194,427528,539532,0,0,0.7185,0.4822,427,539
2019,195,427528,539532,0,283.42,0.7185,0.4822,427,539
2019,196,427528,539532,294.8,0,0.7185,0.4822,427,539
2019,197,427528,539532,0,0,0.7185,0.4822,427,539
2019,198,427528,539532,0,0,0.7185,0.4822,427,539
2019,199,427528,539532,0,284.86,0.7185,0.4822,427,539
2019,200,427528,539532,0,0,0.7185,0.4822,427,539
2019,201,427528,539532,0,284.82,0.7185,0.4822,427,539
2019,202,427528,539532,0,0,0.7185,0.4822,427,539
2019,203,427528,539532,0,288.56,0.7185,0.4822,427,539
2019,204,427528,539532,298.3,0,0.7185,0.4822,427,539
2019,205,427528,539532,299.56,0,0.7185,0.4822,427,539
2019,206,427528,539532,302.18,0,0.7185,0.4822,427,539
2019,207,427528,539532,0,0,0.7185,0.4822,427,539
2019,208,427528,539532,0,0,0.7185,0.4822,427,539
2019,209,427528,539532,0,282.42,0.651,0.3943,427,539
2019,210,427528,539532,0,285.3,0.651,0.3943,427,539
2019,211,427528,539532,0,0,0.651,0.3943,427,539
2019,212,427528,539532,0,285.8,0.651,0.3943,427,539
2019,213,427528,539532,0,0,0.651,0.3943,427,539
2019,214,427528,539532,0,285.22,0.651,0.3943,427,539
2019,215,427528,539532,0,0,0.651,0.3943,427,539
2019,216,427528,539532,295.08,0,0.651,0.3943,427,539
2019,217,427528,539532,0,0,0.651,0.3943,427,539
2019,218,427528,539532,0,0,0.651,0.3943,427,539
2019,219,427528,539532,293.86,283.64,0.651,0.3943,427,539
2019,220,427528,539532,0,0,0.651,0.3943,427,539
2019,221,427528,539532,0,0,0.651,0.3943,427,539
2019,222,427528,539532,0,0,0.651,0.3943,427,539
2019,223,427528,539532,0,0,0.651,0.3943,427,539
2019,224,427528,539532,0,281.66,0.651,0.3943,427,539
2019,225,427528,539532,286.98,281.28,0.5882,0.3602,427,539
2019,226,427528,539532,0,0,0.5882,0.3602,427,539
2019,227,427528,539532,288.86,0,0.5882,0.3602,427,539
2019,228,427528,539532,0,287.34,0.5882,0.3602,427,539
2019,229,427528,539532,0,285.5,0.5882,0.3602,427,539
2019,230,427528,539532,0,283.38,0.5882,0.3602,427,539
2019,231,427528,539532,0,282.68,0.5882,0.3602,427,539
2019,232,427528,539532,0,279.92,0.5882,0.3602,427,539
2019,233,427528,539532,0,0,0.5882,0.3602,427,539
2019,234,427528,539532,0,0,0.5882,0.3602,427,539
2019,235,427528,539532,0,0,0.5882,0.3602,427,539
2019,236,427528,539532,0,285.28,0.5882,0.3602,427,539
2019,237,427528,539532,299.32,286.9,0.5882,0.3602,427,539
2019,238,427528,539532,300,287.54,0.5882,0.3602,427,539
2019,239,427528,539532,297.3,0,0.5882,0.3602,427,539
2019,240,427528,539532,0,282.34,0.5882,0.3602,427,539
2019,241,427528,539532,0,0,0.5631,0.356,427,539
2019,242,427528,539532,0,0,0.5631,0.356,427,539
2019,243,427528,539532,290,281.8,0.5631,0.356,427,539
2019,244,427528,539532,0,0,0.5631,0.356,427,539
2019,245,427528,539532,0,0,0.5631,0.356,427,539
2019,246,427528,539532,0,0,0.5631,0.356,427,539
2019,247,427528,539532,0,282.9,0.5631,0.356,427,539
2019,248,427528,539532,0,0,0.5631,0.356,427,539
2019,249,427528,539532,0,283.52,0.5631,0.356,427,539
2019,250,427528,539532,0,277.8,0.5631,0.356,427,539
2019,251,427528,539532,292.66,0,0.5631,0.356,427,539
2019,252,427528,539532,0,0,0.5631,0.356,427,539
2019,253,427528,539532,0,0,0.5631,0.356,427,539
2019,254,427528,539532,291.7,0,0.5631,0.356,427,539
2019,255,427528,539532,0,282.66,0.5631,0.356,427,539
2019,256,427528,539532,0,0,0.5631,0.356,427,539
2019,257,427528,539532,0,0,0.549,0.3298,427,539
2019,258,427528,539532,0,277.08,0.549,0.3298,427,539
2019,259,427528,539532,286.8,0,0.549,0.3298,427,539
2019,260,427528,539532,0,275.52,0.549,0.3298,427,539
2019,261,427528,539532,0,0,0.549,0.3298,427,539
2019,262,427528,539532,294.38,0,0.549,0.3298,427,539
2019,263,427528,539532,292.42,283.64,0.549,0.3298,427,539
2019,264,427528,539532,294.92,280.94,0.549,0.3298,427,539
2019,265,427528,539532,0,0,0.549,0.3298,427,539
2019,266,427528,539532,289.1,0,0.549,0.3298,427,539
2019,267,427528,539532,0,0,0.549,0.3298,427,539
2019,268,427528,539532,0,0,0.549,0.3298,427,539
2019,269,427528,539532,289.72,0,0.549,0.3298,427,539
2019,270,427528,539532,0,282.18,0.549,0.3298,427,539
2019,271,427528,539532,0,0,0.549,0.3298,427,539
2019,272,427528,539532,0,277.14,0.549,0.3298,427,539
2019,273,427528,539532,0,0,0.6228,0.367,427,539
2019,274,427528,539532,0,278.02,0.6228,0.367,427,539
2019,275,427528,539532,284.74,278.54,0.6228,0.367,427,539
2019,276,427528,539532,0,0,0.6228,0.367,427,539
2019,277,427528,539532,0,0,0.6228,0.367,427,539
2019,278,427528,539532,0,0,0.6228,0.367,427,539
2019,279,427528,539532,0,0,0.6228,0.367,427,539
2019,280,427528,539532,0,281.7,0.6228,0.367,427,539
2019,281,427528,539532,286.24,280.64,0.6228,0.367,427,539
2019,282,427528,539532,0,278.12,0.6228,0.367,427,539
2019,283,427528,539532,0,282.24,0.6228,0.367,427,539
2019,284,427528,539532,0,0,0.6228,0.367,427,539
2019,285,427528,539532,0,0,0.6228,0.367,427,539
2019,286,427528,539532,0,280.96,0.6228,0.367,427,539
2019,287,427528,539532,0,0,0.6228,0.367,427,539
2019,288,427528,539532,0,280.68,0.6228,0.367,427,539
2019,289,427528,539532,0,276.8,0.6175,0.2812,427,539
2019,290,427528,539532,285.42,272.28,0.6175,0.2812,427,539
2019,291,427528,539532,0,277.92,0.6175,0.2812,427,539
2019,292,427528,539532,0,0,0.6175,0.2812,427,539
2019,293,427528,539532,0,0,0.6175,0.2812,427,539
2019,294,427528,539532,0,274.88,0.6175,0.2812,427,539
2019,295,427528,539532,0,0,0.6175,0.2812,427,539
2019,296,427528,539532,283.98,277.76,0.6175,0.2812,427,539
2019,297,427528,539532,0,0,0.6175,0.2812,427,539
2019,298,427528,539532,0,0,0.6175,0.2812,427,539
2019,299,427528,539532,0,274.44,0.6175,0.2812,427,539
2019,300,427528,539532,282.04,276.48,0.6175,0.2812,427,539
2019,301,427528,539532,281.14,274.06,0.6175,0.2812,427,539
2019,302,427528,539532,279.34,0,0.6175,0.2812,427,539
2019,303,427528,539532,281.16,273.66,0.6175,0.2812,427,539
2019,304,427528,539532,0,0,0.6175,0.2812,427,539
2019,305,427528,539532,0,0,0.5129,0.254,427,539
2019,306,427528,539532,0,0,0.5129,0.254,427,539
2019,307,427528,539532,0,0,0.5129,0.254,427,539
2019,308,427528,539532,0,0,0.5129,0.254,427,539
2019,309,427528,539532,0,276.16,0.5129,0.254,427,539
2019,310,427528,539532,0,0,0.5129,0.254,427,539
2019,311,427528,539532,0,0,0.5129,0.254,427,539
2019,312,427528,539532,0,0,0.5129,0.254,427,539
2019,313,427528,539532,0,0,0.5129,0.254,427,539
2019,314,427528,539532,278.5,0,0.5129,0.254,427,539
2019,315,427528,539532,0,0,0.5129,0.254,427,539
2019,316,427528,539532,0,0,0.5129,0.254,427,539
2019,317,427528,539532,0,271.26,0.5129,0.254,427,539
2019,318,427528,539532,0,0,0.5129,0.254,427,539
2019,319,427528,539532,0,0,0.5129,0.254,427,539
2019,320,427528,539532,0,0,0.5129,0.254,427,539
2019,321,427528,539532,0,275.98,0.5272,0.2028,427,539
2019,322,427528,539532,278.48,270.56,0.5272,0.2028,427,539
2019,323,427528,539532,0,0,0.5272,0.2028,427,539
2019,324,427528,539532,0,0,0.5272,0.2028,427,539
2019,325,427528,539532,0,0,0.5272,0.2028,427,539
2019,326,427528,539532,0,0,0.5272,0.2028,427,539
2019,327,427528,539532,0,0,0.5272,0.2028,427,539
2019,328,427528,539532,0,0,0.5272,0.2028,427,539
2019,329,427528,539532,0,0,0.5272,0.2028,427,539
2019,330,427528,539532,0,280.28,0.5272,0.2028,427,539
2019,331,427528,539532,0,0,0.5272,0.2028,427,539
2019,332,427528,539532,0,0,0.5272,0.2028,427,539
2019,333,427528,539532,277.3,271.06,0.5272,0.2028,427,539
2019,334,427528,539532,274.52,0,0.5272,0.2028,427,539
2019,335,427528,539532,274.02,270.5,0.5272,0.2028,427,539
2019,336,427528,539532,0,0,0.5272,0.2028,427,539
2019,337,427528,539532,278.78,275.74,0.4174,0.2075,427,539
2019,338,427528,539532,0,0,0.4174,0.2075,427,539
2019,339,427528,539532,0,0,0.4174,0.2075,427,539
2019,340,427528,539532,0,278.3,0.4174,0.2075,427,539
2019,341,427528,539532,0,0,0.4174,0.2075,427,539
2019,342,427528,539532,278.74,0,0.4174,0.2075,427,539
2019,343,427528,539532,277.36,271.66,0.4174,0.2075,427,539
2019,344,427528,539532,0,275.8,0.4174,0.2075,427,539
2019,345,427528,539532,274.26,272.42,0.4174,0.2075,427,539
2019,346,427528,539532,0,271.54,0.4174,0.2075,427,539
2019,347,427528,539532,275.68,272.4,0.4174,0.2075,427,539
2019,348,427528,539532,0,0,0.4174,0.2075,427,539
2019,349,427528,539532,275.74,272.74,0.4174,0.2075,427,539
2019,350,427528,539532,0,0,0.4174,0.2075,427,539
2019,351,427528,539532,0,272.26,0.4174,0.2075,427,539
2019,352,427528,539532,0,0,0.4174,0.2075,427,539
2019,353,427528,539532,0,275.6,0.4484,0.1826,427,539
2019,354,427528,539532,0,275.04,0.4484,0.1826,427,539
2019,355,427528,539532,0,0,0.4484,0.1826,427,539
2019,356,427528,539532,0,274.24,0.4484,0.1826,427,539
2019,357,427528,539532,274.98,0,0.4484,0.1826,427,539
2019,358,427528,539532,0,274.22,0.4484,0.1826,427,539
2019,359,427528,539532,275.92,0,0.4484,0.1826,427,539
2019,360,427528,539532,0,0,0.4484,0.1826,427,539
2019,361,427528,539532,0,0,0.4484,0.1826,427,539
2019,362,427528,539532,0,0,0.4484,0.1826,427,539
2019,363,427528,539532,0,0,0.4484,0.1826,427,539
2019,364,427528,539532,0,0,0.4484,0.1826,427,539
2019,365,427528,539532,273.72,273.28,0.4484,0.1826,427,539
